site_i,site_j,count_unique,count_weighted,mean_energy_eV,weighted_mean_energy_eV,delta_from_global_mean_eV,delta_from_weighted_global_mean_eV,distance_ang,shell_index,shell_distance_ang
4,8,1,2,-3061.61865321,-3061.61865321,-0.2575180921576248,-0.2540085643013299,9.044089822578727,232,9.044089822578727
2,11,15,108,-3061.568713996,-3061.573186834444,-0.20757887815761933,-0.2085421887454686,7.923533910877511,196,7.923533910877511
4,10,14,100,-3061.5694228764287,-3061.5719328044006,-0.20828775858626614,-0.20728815870188555,5.5539713888578754,116,5.5539713888578754
4,11,4,28,-3061.56088222,-3061.5531726242857,-0.19974710215774394,-0.18852797858698978,5.602162112742748,125,5.602162112742748
2,12,5,36,-3061.557627804,-3061.5508213677776,-0.19649268615739857,-0.1861767220789261,5.499256986339797,109,5.499075685481517
4,20,5,36,-3061.559242136,-3061.549989842222,-0.19810701815777065,-0.18534519652348536,8.06449227107364,204,8.06449227107364
2,20,7,52,-3061.5534847885715,-3061.5496101446156,-0.1923496707290724,-0.1849654989168812,6.927924885452114,164,6.927924885452114
2,21,4,28,-3061.53291261,-3061.5494811514286,-0.1717774921576165,-0.18483650572989063,5.105721677953852,84,5.105721677953852
2,4,1,1,-3061.54699132,-3061.54699132,-0.18585620215753806,-0.18234667430124318,3.2628129033450604,35,3.2628129033450604
3,4,1,1,-3061.54699132,-3061.54699132,-0.18585620215753806,-0.18234667430124318,6.985911677491076,170,6.985911677491076
2,7,11,74,-3061.540888529091,-3061.541649878379,-0.1797534112483845,-0.17700523268013058,4.89077994343774,73,4.89077994343774
4,17,11,76,-3061.53776923,-3061.5351180257894,-0.17663411215744418,-0.1704733800906979,5.052325335734786,79,5.052325335734786
4,5,11,74,-3061.5293760536365,-3061.5335106689186,-0.16824093579407418,-0.16886602321983446,4.90033445680548,74,4.90033445680548
3,7,2,6,-3061.4901523999997,-3061.532586263333,-0.12901728215729236,-0.16794161763436932,8.972043809734965,230,8.972043809734965
4,22,3,20,-3061.5439257933335,-3061.5325538240004,-0.1827906754911055,-0.16790917830167018,8.085320242988294,205,8.085320242988294
4,21,4,28,-3061.53085709,-3061.5266666114285,-0.16972197215773122,-0.1620219657297639,5.564924193028856,118,5.564924193028856
4,23,3,20,-3061.5058098133336,-3061.522895346,-0.14467469549117595,-0.15825070030132338,5.131593517935377,88,5.131593517935377
2,22,4,28,-3061.5192057824997,-3061.5198578242857,-0.15807066465731623,-0.15521317858701877,7.012844270310539,173,7.012844270310539
4,19,6,44,-3061.52239769,-3061.518176198182,-0.16126257215773876,-0.15353155248340045,5.570678111252825,120,5.570678111252825
2,19,9,60,-3061.5166082033334,-3061.5175678793335,-0.1554730854909394,-0.1529232336347377,5.191544573854641,91,5.191544573854641
2,8,3,10,-3061.5338521933336,-3061.5167257719995,-0.172717075491164,-0.15208112630079995,8.364179461772595,217,8.364179461772595
3,12,5,36,-3061.5195016999996,-3061.5150858455554,-0.158366582157214,-0.15044119985668658,5.677840881967886,128,5.677840881967886
2,3,13,81,-3061.512145572308,-3061.509969317037,-0.15101045446544958,-0.14532467133813043,9.066756705534521,235,9.066756705534521
4,13,2,12,-3061.5349587399996,-3061.508436593333,-0.17382362215721514,-0.1437919476343268,5.605184614550153,126,5.605207304601414
8,12,16,120,-3061.50097458,-3061.502410187667,-0.13983946215739707,-0.13776554196829238,7.422732322394449,186,7.423144716561074
2,18,6,44,-3061.502929005,-3061.50076172,-0.1417938871577462,-0.13611707430118258,8.128780943869538,207,8.128780943869538
4,24,4,28,-3061.4845294825,-3061.5005470728574,-0.12339436465754261,-0.1359024271587259,7.101309022745391,176,7.101309022745391
8,14,5,32,-3061.492604482,-3061.49710788375,-0.13146936415751043,-0.1324632380510593,7.421386401527127,185,7.421386401527127
3,10,15,108,-3061.496463426,-3061.496807685185,-0.13532830815756824,-0.13216303948638597,8.174527835873073,209,8.174527835873073
1,4,57,381,-3061.4920132135085,-3061.495316436745,-0.13087809566604847,-0.1306717910460975,8.999504089233103,231,8.999504089233103
2,17,12,84,-3061.4847406275003,-3061.494657912381,-0.12360550965786388,-0.13001326668245383,5.526141254001483,113,5.526141254001483
4,18,8,52,-3061.49522606875,-3061.4940143238464,-0.13409095090764822,-0.1293696781476683,6.989398864911943,171,6.989398864911943
8,13,5,32,-3061.477768016,-3061.4906965375,-0.11663289815760436,-0.12605189180112575,4.7276098961366015,69,4.7276098961366015
2,14,2,12,-3061.501694515,-3061.4885658099997,-0.14055939715763088,-0.12392116430100941,5.506526776789745,110,5.506526776789745
8,11,18,136,-3061.480099215,-3061.4835587211765,-0.11896409715745904,-0.1189140754777327,4.74348469345941,71,4.74348469345941
7,11,19,144,-3061.474614692632,-3061.4812722372226,-0.11347957478938042,-0.1166275915238657,7.454179337639378,189,7.454179337639378
1,2,69,461,-3061.4720223298555,-3061.4796032520617,-0.11088721201303997,-0.11495860636296129,6.956959657649926,168,6.956959657649926
3,19,6,44,-3061.4826407466667,-3061.4793886099997,-0.1215056288242522,-0.11474396430094203,8.017142741349698,203,8.017142741349698
3,20,7,52,-3061.47905696,-3061.4782932084618,-0.11792184215755697,-0.11364856276304636,5.605229994652676,126,5.605207304601414
13,14,5,34,-3061.4724998459997,-3061.475386007647,-0.11136472815724119,-0.11074136194838502,4.477178838624369,41,4.477178838624369
3,21,3,20,-3061.4775088,-3061.473551256,-0.11637368215770039,-0.10890661030134652,7.979475628415718,198,7.979475628415718
10,12,33,250,-3061.471546050606,-3061.47076649016,-0.11041093276344327,-0.10612184446108586,6.982899925768629,169,6.982899925768629
10,14,32,242,-3061.4676499159377,-3061.4683160855375,-0.10651479809530429,-0.10367143983876304,7.512332416962657,190,7.512332416962657
3,22,4,28,-3061.4745269425002,-3061.4683048028573,-0.1133918246578105,-0.10366015715862886,5.578434098678244,122,5.578434098678244
1,10,180,1396,-3061.465077937278,-3061.4664925287975,-0.10394281943536043,-0.10184788309879877,5.576331370631753,121,5.576331370631753
7,13,4,24,-3061.44121187,-3061.4636650983334,-0.08007675215776544,-0.09902045263470427,7.4304916704281245,187,7.430456842260675
10,13,42,322,-3061.465282208809,-3061.463523570994,-0.10414709096676233,-0.0988789252951392,9.467153411553632,246,9.467153411553632
11,20,35,276,-3061.4634059945715,-3061.4626081713045,-0.10227087672910784,-0.0979635256057918,6.767419348362533,155,6.767419348362533
1,11,156,1212,-3061.461312356218,-3061.4624995937947,-0.10017723837563608,-0.09785494809602824,5.56210854231849,117,5.56210854231849
11,12,31,234,-3061.465105508387,-3061.460399936153,-0.10397039054441848,-0.09575529045423536,4.489991112909378,45,4.489991112909378
7,12,19,144,-3061.4548889989474,-3061.4603555666667,-0.09375388110493077,-0.09571092096803113,4.737097365389586,70,4.737097365389586
10,11,45,346,-3061.463021128,-3061.460270787456,-0.10188601015761378,-0.09562614175729323,9.976335968739596,251,9.976335968739596
11,21,36,284,-3061.459883156111,-3061.4592070861963,-0.09874803826869538,-0.09456244049761153,9.315763821178935,242,9.315763821178935
1,12,134,1044,-3061.456390669254,-3061.4572917427204,-0.09525555141135555,-0.09264709702165419,7.992354194331146,200,7.992354194331146
3,17,12,84,-3061.4549507216666,-3061.4572504885714,-0.09381560382416865,-0.09260584287267193,7.018946278763068,174,7.018946278763068
12,20,29,228,-3061.457585348276,-3061.4556441221052,-0.09645023043367473,-0.09099947640652317,8.716051143341861,222,8.716051143341861
12,22,30,236,-3061.452167713,-3061.452874554915,-0.09103259515768514,-0.0882299092163521,9.364613187276449,245,9.364613187276449
14,21,10,76,-3061.455200719,-3061.450602339474,-0.09406560115758111,-0.08595769377507168,6.611737373224076,148,6.611737373224076
13,21,8,60,-3061.45520293375,-3061.4500474253337,-0.09406781590769242,-0.08540277963493281,8.744923233431388,224,8.744923233431388
8,10,29,216,-3061.4459698600003,-3061.4495138022226,-0.0848347421579092,-0.08486915652383686,6.741325559655642,154,6.741325559655642
14,20,14,108,-3061.4496116235714,-3061.4470103529634,-0.08847650572897692,-0.08236570726467107,9.32384757591569,243,9.32384757591569
2,23,3,20,-3061.4240366233334,-3061.446679192,-0.06290150549102691,-0.08203454630120177,5.48826238115821,108,5.48826238115821
14,18,16,124,-3061.44836458125,-3061.4453256990323,-0.08722946340776616,-0.08068105333359199,5.46957832579705,105,5.46957832579705
12,21,31,244,-3061.444600143871,-3061.443214937869,-0.08346502602853434,-0.07857029217029776,6.08335362211567,137,6.08335362211567
3,18,9,60,-3061.4428813111113,-3061.4423457513335,-0.08174619326882748,-0.07770110563478738,5.060749457272682,80,5.060749457272682
2,24,3,20,-3061.435354996667,-3061.4407528,-0.07421987882435133,-0.07610815430143703,8.094995195923875,206,8.094995195923875
12,19,30,236,-3061.4384130853337,-3061.4369778447453,-0.07727796749122717,-0.07233319904662494,6.73331981496164,153,6.73331981496164
4,6,10,70,-3061.440039018,-3061.436282870571,-0.07890390015745652,-0.07163822487245852,8.293799171035273,215,8.293799171035273
12,24,29,228,-3061.4373493986204,-3061.435739779123,-0.07621428077800374,-0.07109513342447826,5.469057239484898,104,5.468575566085367
13,24,11,84,-3061.4374693663635,-3061.4350486509525,-0.07633424852110693,-0.07040400525374935,4.4926839916485175,46,4.492369567715944
13,17,16,124,-3061.438025899375,-3061.4349772006453,-0.07689078153271112,-0.07033255494661717,5.45957318006514,102,5.45957318006514
11,22,35,276,-3061.433787628857,-3061.4349233984058,-0.07265251101443937,-0.07027875270705408,6.109206631503264,139,6.109206631503264
14,22,9,68,-3061.4305566833336,-3061.434870982353,-0.06942156549121137,-0.07022633665428657,8.782524936332196,225,8.782524936332196
3,5,12,78,-3061.4280974616668,-3061.434747457179,-0.0669623438243434,-0.07010281148041031,8.29235460987362,214,8.29235460987362
13,22,9,68,-3061.4309454199997,-3061.434488321177,-0.06981030215729334,-0.06984367547829606,6.723042714739681,152,6.723042714739681
11,19,34,268,-3061.4345801682352,-3061.4342010026867,-0.07344505039282012,-0.06955635698795959,8.694903711753552,220,8.694903711753552
10,22,38,300,-3061.4319099742106,-3061.433819206667,-0.07077485636818892,-0.0691745609683494,5.485009115567195,107,5.485009115567195
1,14,58,436,-3061.4311042727586,-3061.4328402016513,-0.06996915491617983,-0.06819555595257043,7.999738349613878,202,7.999738349613878
3,14,2,12,-3061.459488415,-3061.4322517500004,-0.09835329715770058,-0.06760710430171457,5.600240420033489,124,5.600240420033489
1,3,69,461,-3061.426076411304,-3061.430740957267,-0.06494129346174304,-0.06609631156834439,3.272820880311473,36,3.272820880311473
7,14,6,40,-3061.4194500533335,-3061.43074066,-0.05831493549112565,-0.06609601430136536,4.759257867619514,72,4.759257867619514
7,8,12,75,-3061.411583975833,-3061.4280998094664,-0.05044885799043186,-0.06345516376768501,6.588881160340103,147,6.588881160340103
1,13,46,340,-3061.4230368863045,-3061.427199053059,-0.061901768462121254,-0.06255440736049422,5.589846423932145,123,5.589846423932145
13,19,14,108,-3061.428186287143,-3061.427004085556,-0.06705116930061195,-0.06235943985711856,9.312950531669985,241,9.312950531669985
1,20,112,868,-3061.422901790625,-3061.424342800185,-0.06176667278259629,-0.05969815448634108,5.098497140402175,83,5.098497140402175
3,24,4,28,-3061.4123224,-3061.4241385028577,-0.051187282157570735,-0.059493857158940955,5.109192470792499,85,5.109192470792499
1,22,92,708,-3061.419059704022,-3061.4212498118645,-0.05792458617952434,-0.05660516616580935,5.111510240729947,86,5.111536385685342
14,19,15,116,-3061.4194625873333,-3061.417980755518,-0.05832746949090506,-0.05333610981915626,6.065810393063199,135,6.065810393063199
13,20,13,100,-3061.419967536154,-3061.4172340620003,-0.058832418311794754,-0.05258941630154368,6.07202364102088,136,6.07202364102088
1,21,88,676,-3061.413607432955,-3061.417050695798,-0.05247231511248174,-0.05240605009930732,6.912992194075853,161,6.912992194075853
8,21,11,80,-3061.4089038718184,-3061.416962693501,-0.04776875397601543,-0.052318047802145884,5.333361443182534,94,5.333361443182534
3,8,3,10,-3061.37802556,-3061.416488396,-0.016890442157546204,-0.05184375030148658,3.2549270758793485,33,3.2549270758793485
2,13,2,12,-3061.41840376,-3061.4160686833334,-0.05726864215739624,-0.051424037634660635,7.856218075012777,195,7.856218075012777
10,24,39,308,-3061.4149953661536,-3061.414862966363,-0.053860248311139,-0.050218320664498606,9.328309267788116,244,9.328309267788116
10,18,38,300,-3061.415216616316,-3061.4143989628,-0.05408149847335153,-0.04975431710136036,8.675681032157607,219,8.675681032157607
11,18,39,308,-3061.4155834205126,-3061.4142474155838,-0.05444830267015277,-0.0496027698850412,4.492055143783369,46,4.492369567715944
3,23,3,20,-3061.39415409,-3061.41281565,-0.033018972157606186,-0.04817100430136634,6.858902806031287,158,6.858902806031287
1,8,97,702,-3061.40706486299,-3061.412170262877,-0.04592974514753223,-0.04752561717850767,5.014645358889849,76,5.014645358889849
1,7,105,766,-3061.405834407524,-3061.4111806148308,-0.044699289681375376,-0.04653596913203728,8.343253959908324,216,8.343253959908324
4,9,17,124,-3061.393995071765,-3061.4098400483877,-0.032859953922525165,-0.04519540268893252,7.993565352321746,201,7.993565352321746
8,19,16,120,-3061.40839723125,-3061.409542013,-0.04726211340766895,-0.04489736730147342,5.307962872251924,93,5.307962872251924
1,19,118,908,-3061.4044036275423,-3061.4051879182816,-0.04326850969982843,-0.040543272582908685,6.888273727709581,160,6.888273727709581
1,23,72,548,-3061.3972469031946,-3061.404715978759,-0.036111785352204606,-0.04007133306049582,7.981495963031801,199,7.981495963031801
4,16,2,12,-3061.4073393,-3061.40440378,-0.04620418215745303,-0.03975913430122091,5.544079515126543,114,5.544079515126543
5,13,37,280,-3061.403177285946,-3061.404146200429,-0.04204216810376238,-0.039501554730122734,6.931283999001242,165,6.931283999001242
11,23,34,268,-3061.403745860588,-3061.4021915582084,-0.04261074274563725,-0.037546912509696995,5.468093892685837,104,5.468575566085367
1,17,146,1116,-3061.4006381419176,-3061.401558165449,-0.03950302407520212,-0.03691351975021462,7.959773105029143,197,7.959773105029143
10,20,39,308,-3061.398707867436,-3061.4000748714284,-0.03757274959343704,-0.03543022572966947,4.498248523400495,48,4.498160304763271
9,14,72,534,-3061.398358806806,-3061.3984558633333,-0.03722368896342232,-0.03381121763459305,9.46933294264713,247,9.46933294264713
9,12,73,542,-3061.39994887548,-3061.39798359428,-0.03881375763739925,-0.03333894858133135,9.983157125747821,252,9.983157125747821
4,12,3,20,-3061.3809495366663,-3061.3960500480002,-0.01981441882389845,-0.031405402301516006,3.127532466762579,7,3.127532466762579
1,5,125,910,-3061.3898619188803,-3061.394930768351,-0.02872680103791936,-0.030286122652341874,8.796941306231924,227,8.796941306231924
11,14,38,290,-3061.396133707895,-3061.394905759862,-0.034998590052509826,-0.030261114163295133,3.2470971712180767,30,3.2470971712180767
7,20,17,128,-3061.390023757059,-3061.3949047271876,-0.028888639216802403,-0.03026008148890469,5.281903466139796,92,5.281903466139796
12,13,15,114,-3061.3925911566666,-3061.39479722807,-0.0314560388242171,-0.030152582371101744,3.243056628698508,28,3.243056628698508
9,11,86,646,-3061.393083391628,-3061.394694756286,-0.03194827378547416,-0.030050110587126255,6.940966032094938,167,6.940966032094938
9,13,83,622,-3061.3914608193973,-3061.39347026984,-0.03032570155482972,-0.0288256241410636,7.563647628300732,191,7.563647628300732
8,18,19,136,-3061.3839447936843,-3061.392672007646,-0.022809675841926946,-0.028027361947351892,4.6248625153226035,60,4.6248625153226035
6,14,6,40,-3061.3847971433333,-3061.392601897,-0.023662025490921224,-0.027957251301359065,6.805921511222726,156,6.805921511222726
5,14,46,352,-3061.392624105652,-3061.39076067125,-0.03148898780955278,-0.026116025551345956,5.129514721118093,87,5.129514721118093
4,7,2,6,-3061.404284845,-3061.3889059499998,-0.0431497271574699,-0.024261304301035125,3.199872401707602,19,3.199872401707602
10,19,43,340,-3061.387778366047,-3061.38888812847,-0.02664324820443653,-0.024243482771453273,4.480761459692719,42,4.480288056512309
12,18,34,268,-3061.390048456765,-3061.3880627280596,-0.02891333892239345,-0.023418082360876724,4.498072086126047,48,4.498160304763271
7,10,31,232,-3061.3829489367745,-3061.386502952931,-0.021813818932059803,-0.021858307232378138,5.068018231936066,81,5.068018231936066
6,12,20,152,-3061.3853049325,-3061.3850327268424,-0.024169814657398092,-0.02038808114366475,6.832871531793486,157,6.832871531793486
1,18,126,964,-3061.3838038195236,-3061.3848693227383,-0.0226687016811411,-0.020224677039550443,5.549449713188067,115,5.549449713188067
2,6,2,6,-3061.3588897150003,-3061.3843468399996,0.0022454028421634575,-0.019702194300862175,8.789782356029148,226,8.789782356029148
8,24,10,72,-3061.367588763,-3061.3842622577777,-0.006453645157762367,-0.019617612078945967,4.676192284006986,66,4.676192284006986
14,23,12,92,-3061.389499359167,-3061.383832116957,-0.02836424132465254,-0.01918747125819209,4.4960775114671785,47,4.4960775114671785
10,17,44,348,-3061.3832461818183,-3061.38217383184,-0.022111063975899015,-0.017529186141473474,6.652790183729025,149,6.652790183729025
5,12,92,720,-3061.3833378597824,-3061.3817421884437,-0.022202741939963744,-0.017097542744977545,5.133272139084394,89,5.133272139084394
8,23,8,56,-3061.35043459,-3061.38163907,0.010700527842345764,-0.01699442430117415,7.355788067626498,183,7.355788067626498
6,13,5,32,-3061.3649723119997,-3061.38044467,-0.0038371941573132062,-0.015800024301370286,5.0177928296206655,77,5.0177928296206655
1,24,82,628,-3061.3745203434146,-3061.380323413566,-0.013385225572164927,-0.015678767867484567,5.518175524908087,112,5.518175524908087
2,9,18,132,-3061.3584765433334,-3061.379739778788,0.0026585745090415003,-0.015095133089289448,5.634101838317524,127,5.634101838317524
18,20,36,270,-3061.381200301111,-3061.3780030345188,-0.020065183268798137,-0.013358388820051914,5.39655088892548,97,5.39655088892548
6,11,31,232,-3061.377152945484,-3061.3769292594825,-0.016017827641462645,-0.012284613783776877,5.096910866197251,82,5.096910866197251
18,19,40,302,-3061.3831286560003,-3061.3768573484767,-0.021993538157857984,-0.012212702778015228,9.10096192883326,236,9.10096192883326
18,22,35,262,-3061.3757447885714,-3061.375310229466,-0.014609670728987112,-0.010665583767149656,6.129665298386306,141,6.129665298386306
7,22,12,88,-3061.3675424941666,-3061.37382311,-0.006407376324204961,-0.009178464301385247,5.341804260491819,95,5.341804260491819
5,11,111,864,-3061.374411508919,-3061.3736422651386,-0.013276391076487926,-0.008997619439924165,6.923548404980591,163,6.923548404980591
6,10,21,160,-3061.3708548809527,-3061.37337165525,-0.009719763110297208,-0.00872700955142136,7.4235571107277,186,7.423144716561074
2,5,12,78,-3061.3718028508333,-3061.3728293015383,-0.010667732990896184,-0.008184655839613697,3.2332019764341027,26,3.2327156489098057
13,23,10,76,-3061.37650971,-3061.3721099194736,-0.015374592157513689,-0.007465273774869274,4.487646737275363,44,4.487646737275363
20,24,20,150,-3061.368410677,-3061.370005714,-0.007275559157733369,-0.005361068301226624,6.140619645523458,143,6.140619645523458
21,24,22,166,-3061.3691737304543,-3061.3696780244577,-0.00803861261192651,-0.005033378758980689,9.061029114527258,233,9.061029114527258
14,24,11,84,-3061.372840852727,-3061.368574430953,-0.011705734884799313,-0.003929785254058515,4.516725621318417,52,4.516725621318417
18,21,37,278,-3061.3718935902702,-3061.3669620411515,-0.010758472427824017,-0.0023173954527919705,8.245649651419134,212,8.245649651419134
12,16,5,34,-3061.36423113,-3061.366623247059,-0.0030960121575844823,-0.0019786013604061736,7.612185678162867,192,7.612185678162867
8,9,33,248,-3061.3664349221212,-3061.3658702072576,-0.005299804278820375,-0.001225561558840127,5.111562530640737,86,5.111536385685342
12,17,35,276,-3061.3677297897143,-3061.3648239136237,-0.006594671871880564,-0.00017926792497746646,4.4835942351034,43,4.4835942351034
9,21,89,684,-3061.362375263258,-3061.361158158948,-0.00124014541552242,0.003486486750716722,5.481202793034555,106,5.481202793034555
10,23,39,308,-3061.360772756667,-3061.359936167143,0.00036236117557564285,0.004708478555585316,6.120519382248873,140,6.120519382248873
13,18,15,116,-3061.3598797980003,-3061.359506132413,0.0012553198421301204,0.0051385132856012206,3.2611308524292353,34,3.2615280265291524
3,6,11,74,-3061.352242252727,-3061.3592584891894,0.008892865115285531,0.005386156509302964,4.925627612675352,75,4.925627612675352
5,8,50,323,-3061.3526041698,-3061.358131345665,0.008530948042334785,0.006513300033930136,8.82646385112808,229,8.82646385112808
21,22,22,166,-3061.351784237273,-3061.352177716626,0.009350880569400033,0.01246692907261604,4.459945712114218,40,4.459945712114218
10,21,40,316,-3061.34999794725,-3061.3507736486076,0.011137170592519396,0.01387099709108952,3.252354141322561,32,3.252354141322561
20,23,18,134,-3061.344418387222,-3061.34914375,0.01671673062037371,0.015500895698551176,8.23864223634979,210,8.23864223634979
14,16,3,18,-3061.3478295733335,-3061.347904511111,0.013305544508966705,0.016740134587507782,6.91573629773957,162,6.91573629773957
11,17,40,316,-3061.349249796,-3061.3478480939234,0.011885321842328267,0.016796551775314583,4.512346477336046,51,4.512346477336046
17,20,46,338,-3061.3463925717388,-3061.347567136686,0.01474254610366188,0.017077509012779046,9.064455713337107,234,9.064455713337107
11,16,7,50,-3061.3471255357144,-3061.3470680287996,0.014009582127982867,0.017576616899077635,9.48781320533636,248,9.48781320533636
5,10,132,1024,-3061.347108275985,-3061.346856566289,0.014026841857230465,0.017788079409911006,4.687796569063402,67,4.687796569063402
5,9,165,1280,-3061.34485460897,-3061.3453785608444,0.016280508872569044,0.019266084854280052,7.3710727916079914,184,7.3710727916079914
22,24,18,134,-3061.3366899044445,-3061.3436640432838,0.02444521339793937,0.020980602414965688,5.433793033656486,100,5.433793033656486
9,18,103,796,-3061.3455801738837,-3061.3433181592472,0.015554943958704825,0.021326486451471283,6.697631186221463,151,6.697631186221463
22,23,16,118,-3061.33499407125,-3061.3432693510163,0.026141046592329076,0.021375294682457024,9.113593590657842,237,9.113593590657842
7,18,21,152,-3061.330532272857,-3061.3415256468425,0.03060284498542387,0.023118998856261896,7.29347977947608,180,7.29347977947608
6,20,18,136,-3061.3346536644444,-3061.3405015052945,0.026481453397991572,0.024143140404248697,4.622934595950814,59,4.622934595950814
9,20,87,668,-3061.3412214670116,-3061.338813992754,0.019913650830858387,0.025830652944932808,4.479814653331899,42,4.480288056512309
2,10,4,28,-3061.32379675,-3061.3383281757147,0.037338367842494335,0.026316469984067226,3.143718361413292,11,3.143718361413292
9,10,87,654,-3061.3381978216094,-3061.3381563139446,0.022937296233067173,0.02648833175408072,4.505883973284262,49,4.506280765326229
11,24,35,276,-3061.3384019922855,-3061.338155361305,0.022733125556896994,0.0264892843938469,3.2613287905053068,34,3.2615280265291524
6,21,11,80,-3061.3266725109092,-3061.3378714255005,0.034462606933175266,0.026773220198265335,7.1472529455190905,177,7.1472529455190905
19,24,24,182,-3061.3349930670834,-3061.3376826358235,0.02614205075906284,0.026962009875205695,8.243667050574127,211,8.243667050574127
21,23,19,142,-3061.3307188557897,-3061.3373689933806,0.030416262052767706,0.027275652318166976,5.366291687609134,96,5.366291687609134
8,17,23,168,-3061.3160237604347,-3061.336589132381,0.04511135740767713,0.028055513317667646,7.300327980857276,181,7.3001992210136315
9,24,85,652,-3061.3379628508237,-3061.336196674172,0.023172267018708226,0.028447971526929905,6.08832513646682,138,6.08832513646682
5,20,82,640,-3061.3337130485365,-3061.335749922625,0.02742206930588509,0.028894723073790374,7.248820291289538,178,7.248820291289538
17,21,48,354,-3061.3271608533337,-3061.3331770986433,0.033974264508742635,0.031467547055399336,6.130738383255535,142,6.130738383255535
8,16,4,24,-3061.33150745,-3061.3321085666666,0.029627667842305527,0.03253607903207012,7.021118064655185,175,7.021118064655185
16,20,8,60,-3061.33270568125,-3061.3318907853336,0.028429436592432467,0.03275386036511918,5.507873690182207,111,5.507873690182207
17,22,45,330,-3061.3265483666664,-3061.3318355770307,0.03458675117599341,0.032809068668029795,8.256733219854063,213,8.256733219854063
7,24,10,72,-3061.31496741,-3061.329673296111,0.04616770784241453,0.03497134958752213,7.350825727715229,182,7.350825727715229
9,17,115,892,-3061.3310860331303,-3061.3289532266817,0.0300490847121182,0.03569141901698458,8.701511554404618,221,8.701511554404618
12,14,27,194,-3061.3277440170373,-3061.3286368208255,0.03339110080514729,0.036007824873195204,3.2192811660833245,24,3.219236361684953
5,22,68,528,-3061.3244055813234,-3061.3272586571197,0.03672953651903299,0.03738598857898978,7.280441651775873,179,7.280441651775873
16,18,10,76,-3061.3259886799997,-3061.326548625263,0.03514643784274085,0.03809602043565974,9.287776390389634,239,9.287776390389634
6,19,21,152,-3061.316389307143,-3061.324860813158,0.04474581069962369,0.0397838325407065,7.3000704611699865,181,7.3001992210136315
3,9,18,132,-3061.3085860394444,-3061.324366213333,0.052549078397987614,0.04027843236553963,5.73998582137252,131,5.73998582137252
3,16,2,12,-3061.336786125,-3061.3224973399997,0.024348992842533335,0.042147305699018034,8.163622347082843,208,8.163622347082843
11,13,31,218,-3061.319668586452,-3061.3203304437607,0.04146653139059708,0.044314201938050246,3.216210357391653,23,3.216601655906893
14,17,17,132,-3061.3200876658825,-3061.318962637575,0.041047451959911996,0.04568200812354917,3.2484153023877815,31,3.2484153023877815
3,11,4,28,-3061.30384449,-3061.3184690571425,0.057290627842576214,0.04617558855625248,3.1202579469502103,5,3.120387673047533
19,23,21,158,-3061.3113797466667,-3061.3173420378484,0.04975537117570639,0.04730260785026985,6.1553720644329575,144,6.1553720644329575
7,16,4,24,-3061.311423855,-3061.315804471667,0.04971126284226557,0.04884017403173857,5.180143848831508,90,5.180143848831508
5,18,90,688,-3061.310225662111,-3061.31510065436,0.0509094557314711,0.0495439913388509,5.406077001992073,98,5.406077001992073
5,21,67,520,-3061.3094526098507,-3061.313721140154,0.05168250799169982,0.05092350554468794,4.62913502339082,61,4.62913502339082
1,9,216,1676,-3061.307009065139,-3061.3129048966375,0.054126052703395544,0.05173974906119838,3.1504942202558412,12,3.1504942202558412
6,22,12,88,-3061.305712491667,-3061.3127787795456,0.0554226261756412,0.05186586615309352,4.639227714618719,63,4.639227714618719
12,23,30,236,-3061.313699754,-3061.3120596813555,0.04743536384239633,0.052584964343168394,3.2441146294686125,29,3.2442933000006375
9,23,85,652,-3061.3154191695294,-3061.3119902573003,0.045715948313045374,0.05265438839842318,9.302556062126753,240,9.302556062126753
5,19,85,656,-3061.3073243127055,-3061.3105421553055,0.05381080513689085,0.05410249039323389,4.612766436359702,58,4.612766436359702
13,16,5,34,-3061.315560136,-3061.3093632541177,0.04557498184249198,0.0552813915810475,9.835048538760438,250,9.835048538760438
1,6,113,830,-3061.3035913567255,-3061.3088256690853,0.057543761116903624,0.05581897661340918,3.2621244366529143,34,3.2615280265291524
16,21,6,44,-3061.31009133,-3061.3069242581814,0.051043787842445454,0.05772038751729269,4.506677557368196,49,4.506280765326229
9,19,95,732,-3061.3055901109474,-3061.3050699093446,0.055545006895044935,0.059574736354079505,4.50814572333647,50,4.50814572333647
1,16,32,228,-3061.303821555,-3061.3030640338598,0.05731356284240974,0.061580611838962795,5.717730072134825,129,5.717730072134825
17,19,51,378,-3061.296688551569,-3061.3010909588884,0.06444656627354561,0.06355368681033724,5.465017778831653,103,5.465017778831653
7,9,35,264,-3061.295019164286,-3061.299360620151,0.06611595355661848,0.06528402554749846,6.935927241274299,166,6.935927241274299
5,24,64,496,-3061.2914527425,-3061.2980540039516,0.06968237534238142,0.06659064174709783,5.425969232947945,99,5.425969232947945
19,20,34,254,-3061.304466332059,-3061.297658053228,0.05666878578358592,0.06698659247058458,4.446317361193818,39,4.446317361193818
5,6,58,387,-3061.2854642922416,-3061.294630884418,0.07567082560080962,0.07001376128073389,6.544893943561074,145,6.544893943561074
23,24,16,118,-3061.264740383125,-3061.2923391908475,0.09639473471725069,0.07230545485117545,4.4303963015315935,37,4.4303963015315935
9,22,85,652,-3061.289811508706,-3061.2907472565034,0.07132360913647062,0.073897389195281,3.240726196979226,27,3.240726196979226
16,24,3,20,-3061.2849764,-3061.2878313619995,0.07615871784264527,0.07681328369926632,8.740130804378168,223,8.740130804378168
6,7,20,139,-3061.2871199525002,-3061.287658333021,0.074015165342189,0.07698631267749079,8.818913704309127,228,8.818913704309127
9,16,58,422,-3061.2797647101725,-3061.284959787677,0.08137040766996506,0.0796848580216647,3.2444719705326626,29,3.2442933000006375
5,16,26,192,-3061.282312335384,-3061.283579498333,0.07882278245824637,0.08106514736573445,4.631327456717077,62,4.631327456717077
10,16,25,162,-3061.2788944783997,-3061.282502671852,0.0822406394427162,0.08214197384677391,3.2243730834045086,25,3.2243117633649234
16,17,11,84,-3061.2785247790907,-3061.2788973119045,0.08261033875169232,0.08574733379418831,5.868313928713915,132,5.868313928713915
20,21,22,166,-3061.276707064091,-3061.2760788743367,0.08442805375125317,0.08856577136202759,3.207464316420372,21,3.207833910970422
7,23,8,56,-3061.2355933675,-3061.272230946429,0.12554175034256332,0.09241369926985499,4.650707470550052,64,4.650707470550052
8,20,14,104,-3061.254688658572,-3061.270946459231,0.10644645927050078,0.09369818646791828,3.112291784913846,3,3.112291784913846
4,14,1,4,-3061.27025721,-3061.27025721,0.09087790784224126,0.09438743569853614,3.130459532710344,8,3.130459532710344
6,23,8,56,-3061.22942598625,-3061.2614849507145,0.13170913159228803,0.10315969498424238,5.569304411501565,119,5.569304411501565
8,22,11,80,-3061.2382050718184,-3061.260015699,0.12293004602406654,0.10462894669853995,3.1077614655078176,2,3.107989664900712
6,9,36,272,-3061.2571919058337,-3061.2593607741182,0.10394321200874401,0.10528387158046826,4.716134402561724,68,4.716134402561724
19,22,31,230,-3061.2569115912906,-3061.258697088174,0.10422352655177747,0.10594755752481433,3.216992954422133,23,3.216601655906893
17,18,52,386,-3061.250078634808,-3061.254258138238,0.11105648303464477,0.1103865074605892,4.439257372534622,38,4.439257372534622
16,23,4,28,-3061.2615004325,-3061.253807677143,0.09963468534260755,0.11083696855575909,6.556406748994503,146,6.556406748994503
5,15,11,72,-3061.2371879654543,-3061.2461593616667,0.12394715238815479,0.11848528403197633,7.4304220140932244,187,7.430456842260675
7,17,25,184,-3061.2192211696,-3061.2453697789124,0.14191394824229064,0.11927486678632704,4.65766750080289,65,4.65766750080289
6,17,26,192,-3061.2168289042306,-3061.240736133333,0.14430621361179874,0.12390851236568778,5.441860313245718,101,5.441860313245718
7,19,17,128,-3061.2221773382353,-3061.240575070937,0.1389577796071535,0.12406957476150637,3.118643179870653,4,3.118643179870653
15,18,9,68,-3061.231549063333,-3061.2379650276466,0.12958605450921823,0.12667961805209416,5.897984407753326,133,5.897984407753326
17,24,47,346,-3061.2205195534043,-3061.23263900341,0.1406155644381215,0.1320056422887319,3.2053995758567293,20,3.2053995758567293
20,22,26,182,-3061.223648638077,-3061.230267902747,0.13748647976535722,0.1343767429516447,3.171696619858139,16,3.171696619858139
15,17,10,76,-3061.223760375,-3061.2288000163157,0.13737474284243945,0.13584462938297293,9.243931734607196,238,9.243931734607196
18,23,24,182,-3061.21023631625,-3061.2275493951643,0.15089880159257518,0.1370952505344576,3.2111969686046984,22,3.2111969686046984
6,8,12,75,-3061.2214264374998,-3061.226416213733,0.1397086803426646,0.13822843196567192,3.187970886818586,18,3.187970886818586
7,21,10,72,-3061.1933636109998,-3061.2224927894445,0.16777150684265507,0.14215185625425875,3.120550448109612,5,3.120387673047533
12,15,3,18,-3061.21336877,-3061.221533093333,0.14776634784220732,0.1431115523655535,9.581273074036218,249,9.581273074036218
13,15,2,10,-3061.18779509,-3061.2213631580003,0.17334002784264158,0.1432814876984594,6.885603544754827,159,6.885603544754827
5,7,58,387,-3061.218073466207,-3061.2207930408526,0.14306165163543483,0.14385160484607695,3.2082035055204723,21,3.207833910970422
8,15,2,8,-3061.216976605,-3061.216976605,0.14415851284229575,0.14766804069859063,5.050775668727013,78,5.050775668727013
16,19,9,68,-3061.2018857,-3061.2116293629406,0.15924941784260227,0.15301528275813325,3.232229321385509,26,3.2327156489098057
15,21,4,28,-3061.183247775,-3061.2095663571426,0.17788734284249585,0.1550782885560693,4.523410460023225,53,4.523410460023225
11,15,4,26,-3061.1898629849998,-3061.203250986923,0.17127213284265963,0.16139365877552336,7.845888755882244,194,7.845888755882244
18,24,36,246,-3061.183012586667,-3061.1967132531704,0.1781225311756316,0.1679313925283168,3.161909975748966,14,3.161909975748966
15,22,5,36,-3061.182323034,-3061.1962056566667,0.17881208384233105,0.1684389890319835,4.531259611706758,54,4.531259611706758
19,21,32,222,-3061.1909400971876,-3061.1925521182884,0.17019502065477354,0.17209252741031378,3.1651026585465867,15,3.1651026585465867
14,15,1,2,-3061.1888758,-3061.1888758,0.17225931784241766,0.17576884569871254,10.099351316948594,253,10.099351316948594
6,16,3,16,-3061.213458466667,-3061.187598305,0.14767665117551587,0.1770463406987801,7.440462682906707,188,7.440462682906707
15,19,8,60,-3061.1662197125,-3061.1773665133337,0.1949154053422717,0.1872781323650088,5.498894384623237,109,5.499075685481517
3,13,1,4,-3061.1771589,-3061.1771589,0.183976217842428,0.1874857456987229,3.1772334520609578,17,3.1772334520609578
16,22,5,36,-3061.1630393719997,-3061.17712781,0.19809574584269285,0.18751683569871602,4.555146636301855,55,4.555146636301855
9,15,53,350,-3061.160988799434,-3061.1750182465703,0.20014631840831498,0.1896263991284286,3.2191915572865817,24,3.219236361684953
15,23,2,12,-3061.1631198200002,-3061.1748240300003,0.19801529784217564,0.1898206156984088,8.5839740482891,218,8.5839740482891
5,23,57,440,-3061.1574485903507,-3061.1685420930003,0.20368652749175453,0.19610255269844856,3.1203546240827764,5,3.120387673047533
15,24,3,20,-3061.159455583333,-3061.166851166,0.20167953450936693,0.19779347969870287,6.672894757588554,150,6.672894757588554
5,17,107,816,-3061.1532242168223,-3061.165777451961,0.20791090102011367,0.19886719373789674,3.1240026404836017,6,3.1240026404836017
6,18,19,144,-3061.1409724600003,-3061.1591895769448,0.2201626578421383,0.20545506875396313,3.108217864293607,2,3.107989664900712
10,15,13,98,-3061.1435085669227,-3061.1539662600003,0.21762655091970373,0.21067838569842934,3.224768981588696,25,3.2243117633649234
17,23,42,274,-3061.137689627143,-3061.1537814902185,0.22344549069930508,0.2108631554801832,3.15702873190199,13,3.15702873190199
15,20,7,52,-3061.145991888571,-3061.1528082315385,0.2151432292712343,0.21183641416018872,3.223793225101566,25,3.2243117633649234
6,24,9,64,-3061.0884752622223,-3061.119957925,0.272659855620077,0.24468672069860986,3.1058189149724584,1,3.1058189149724584
4,15,1,4,-3061.11508675,-3061.11508675,0.24604836784237705,0.24955789569867193,7.713031371851413,193,7.713031371851413
7,15,2,8,-3061.10479876,-3061.10479876,0.2563363578424287,0.2598458856987236,6.99184560367244,172,6.99184560367244
2,16,1,4,-3061.09965886,-3061.09965886,0.2614762578423324,0.2649857856986273,3.131461082290413,9,3.131461082290413
6,15,2,8,-3061.0692058349996,-3061.0692058349996,0.2919292828428297,0.2954388106991246,4.593988884555815,56,4.593988884555815
2,15,1,4,-3061.05200723,-3061.05200723,0.3091278878423509,0.3126374156986458,5.911209243388103,134,5.911209243388103
1,15,14,84,-3061.0396795499996,-3061.041254009048,0.32145556784280416,0.3233906366508563,3.13527214538598,10,3.13527214538598
3,15,1,4,-3061.02638096,-3061.02638096,0.3347541578423261,0.338263685698621,5.72273457470513,130,5.72273457470513
15,16,1,2,-3060.97269958,-3060.97269958,0.3884355378422697,0.3919450656985646,4.603932412776801,57,4.603932412776801
