shell_index,shell_distance_ang,pairs_in_shell,weighted_configs_with_shell,presence_delta_eV,slope_eV_per_pair,weighted_corr
1,3.1058189149724584,1,64,0.24468672069860986,0.24616938971026386,0.12950822222410074
2,3.107989664900712,2,224,0.1694457394487472,0.17309463827696572,0.16906989138803166
3,3.112291784913846,1,104,0.09369818646791828,0.09462430425616676,0.06333864115314294
4,3.118643179870653,1,128,0.12406957476150637,0.1255823300997775,0.09315089460708795
5,3.120387673047533,3,540,0.18113513577281992,0.19083303120137807,0.28497721294423
6,3.1240026404836017,1,816,0.19886719373789674,0.21540905205246155,0.3899812768303235
7,3.127532466762579,1,20,-0.031405402301516006,-0.031464624257734976,-0.009272857447070928
8,3.130459532710344,1,4,0.09438743569853614,0.09442297982565598,0.012454063345472237
9,3.131461082290413,1,4,0.2649857856986273,0.2650855732262367,0.03496386713304444
10,3.13527214538598,1,84,0.3233906366508563,0.32596745447073266,0.1962798033740361
11,3.143718361413292,1,28,0.026316469984067226,0.02638599830436145,0.009197392653606386
12,3.1504942202558412,1,1676,0.05173974906119838,0.061428667433326846,0.15223686899202962
13,3.15702873190199,1,274,0.2108631554801832,0.21644434796204284,0.23325657093180732
14,3.161909975748966,1,246,0.1679313925283168,0.17191126945834634,0.1757805430748444
15,3.1651026585465867,1,222,0.17209252741031378,0.17576462862734138,0.17092609237466394
16,3.171696619858139,1,182,0.1343767429516447,0.13671842881821833,0.12061363566050003
17,3.1772334520609578,1,4,0.1874857456987229,0.18755634850029207,0.02473803145570106
18,3.187970886818586,1,75,0.13822843196567192,0.13921100540602466,0.07924123535861424
19,3.199872401707602,1,6,-0.024261304301035125,-0.024275011255078836,-0.003921006369223498
20,3.2053995758567293,1,346,0.1320056422887319,0.13644863374817748,0.16466603280618425
21,3.207833910970422,2,553,0.12725585736279754,0.13424210665223069,0.20273604304247725
22,3.2111969686046984,1,182,0.1370952505344576,0.13948430985719196,0.12305370881522161
23,3.216601655906893,2,448,0.07595632645688966,0.07929965856888013,0.10835320750289484
24,3.219236361684953,2,542,0.1346922878760779,0.14102620962278514,0.21215300630288816
25,3.2243117633649234,3,302,0.1378787034468587,0.13929223171273852,0.16508403413280398
26,3.2327156489098057,2,146,0.06689476761630431,0.06782669853707125,0.0536856198468433
27,3.240726196979226,1,652,0.073897389195281,0.0787280587094948,0.1284660132720225
28,3.243056628698508,1,114,-0.030152582371101744,-0.03047957955698971,-0.021350315542612616
29,3.2442933000006375,2,658,0.06996513931608206,0.0745836246332842,0.12222517597315681
30,3.2470971712180767,1,290,-0.030261114163295133,-0.03111015858401714,-0.034464953625443946
31,3.2484153023877815,1,132,0.04568200812354917,0.046256624574996165,0.03483627082306875
32,3.252354141322561,1,316,0.01387099709108952,0.014296141131517023,0.016511705160474136
33,3.2549270758793485,1,10,-0.05184375030148658,-0.05189258578816477,-0.01081897185877236
34,3.2615280265291524,3,1214,0.043388393426084804,0.04941995449024403,0.10799000774576555
35,3.2628129033450604,1,1,-0.18234667430124318,-0.18236383634348588,-0.012028276790924938
36,3.272820880311473,1,461,-0.06609631156834439,-0.06909389146553628,-0.09570707243655507
37,4.4303963015315935,1,118,0.07230545485117545,0.07311741180287747,0.052098122177121925
38,4.439257372534622,1,386,0.1103865074605892,0.11454756135247463,0.14572353659222093
39,4.446317361193818,1,254,0.06698659247058458,0.06862702772518527,0.07127603400811698
40,4.459945712114218,1,166,0.01246692907261604,0.012664778995868316,0.010678683777783788
41,4.477178838624369,1,34,-0.11074136194838502,-0.11109683837678716,-0.042660934904034505
42,4.480288056512309,2,1004,0.008692537529896072,0.009791713683819312,0.01959418895533459
43,4.4835942351034,1,276,-0.00017926792497746646,-0.00018404840481887717,-0.0001990476240134887
44,4.487646737275363,1,76,-0.007465273774869274,-0.007519052052849269,-0.004308204813104466
45,4.489991112909378,1,234,-0.09575529045423536,-0.09791144307166391,-0.09769923732526921
46,4.492369567715944,2,392,-0.05406017746327052,-0.056130881938923904,-0.07193956875215404
47,4.4960775114671785,1,92,-0.01918747125819209,-0.019355047428395188,-0.012192283003175632
48,4.498160304763271,2,576,-0.029841242356269504,-0.031551546398841224,-0.04857526141671387
49,4.506280765326229,2,698,0.028457114638513303,0.030457826362277292,0.0513047677884594
50,4.50814572333647,1,732,0.059574736354079505,0.06398232751947354,0.11017974233422519
51,4.512346477336046,1,316,0.016796551775314583,0.017311363640439514,0.01999421590253689
52,4.516725621318417,1,84,-0.003929785254058515,-0.003961098285883239,-0.0023851571131872024
53,4.523410460023225,1,28,0.1550782885560693,0.1554880066210138,0.05419860311230404
54,4.531259611706758,1,36,0.1684389890319835,0.16901158615967327,0.06677531298309683
55,4.555146636301855,1,36,0.18751683569871602,0.1881542866959423,0.07433846204699252
56,4.593988884555815,1,8,0.2954388106991246,0.2956614053929134,0.0551392957864631
57,4.603932412776801,1,2,0.3919450656985646,0.3920188505354311,0.03656505272706706
58,4.612766436359702,1,656,0.05410249039323389,0.05766229316954857,0.0943608040668563
59,4.622934595950814,1,136,0.024143140404248697,0.02445614965820519,0.018691558138329036
60,4.6248625153226035,1,136,-0.028027361947351892,-0.02839072908366115,-0.021698712621296024
61,4.62913502339082,1,520,0.05092350554468794,0.05354375320555084,0.07854171015015325
62,4.631327456717077,1,192,0.08106514736573445,0.08255685795287945,0.07477034946975113
63,4.639227714618719,1,88,0.05186586615309352,0.05229898403108392,0.03222655704478498
64,4.650707470550052,1,56,0.09241369926985499,0.09290330827054998,0.045736498295293145
65,4.65766750080289,1,184,0.11927486678632704,0.12137662655046406,0.1076554555595825
66,4.676192284006986,1,72,-0.019617612078945967,-0.019751444568524967,-0.011017267180621813
67,4.687796569063402,1,1024,0.017788079409911006,0.01968507933581026,0.03949737404635685
68,4.716134402561724,1,272,0.10528387158046826,0.10804968315588816,0.11602785252990641
69,4.7276098961366015,1,32,-0.12605189180112575,-0.12643264133519933,-0.047104718058386896
70,4.737097365389586,1,144,-0.09571092096803113,-0.09702578193378043,-0.07627648989739691
71,4.74348469345941,1,136,-0.1189140754777327,-0.12045576416127429,-0.09206297599515692
72,4.759257867619514,1,40,-0.06609601430136536,-0.06634576308245188,-0.027625449819909175
73,4.89077994343774,1,74,-0.17700523268013058,-0.1782465506519166,-0.10078702121752142
74,4.90033445680548,1,74,-0.16886602321983446,-0.17005026182359143,-0.09615254423592459
75,4.925627612675352,1,74,0.005386156509302964,0.005423929022511959,0.0030668848708426052
76,5.014645358889849,1,702,-0.04752561717850767,-0.05088746555486584,-0.0859454677515838
77,5.0177928296206655,1,32,-0.015800024301370286,-0.01584774950434924,-0.005904359541798817
78,5.050775668727013,1,8,0.14766804069859063,0.14777929934438658,0.02756006143865036
79,5.052325335734786,1,76,-0.1704733800906979,-0.1717014347743413,-0.09838008069533824
80,5.060749457272682,1,60,-0.07770110563478738,-0.07814233849118353,-0.03981232644253235
81,5.068018231936066,1,232,-0.021858307232378138,-0.022346197101703946,-0.022204407961850366
82,5.096910866197251,1,232,-0.012284613783776877,-0.012558813362895865,-0.012479126276265323
83,5.098497140402175,1,868,-0.05969815448634108,-0.06500846378240016,-0.12106271157684494
84,5.105721677953852,1,28,-0.18483650572989063,-0.1853248452452316,-0.06459885847515912
85,5.109192470792499,1,28,-0.059493857158940955,-0.05965104040302813,-0.02079262017886595
86,5.111536385685342,2,948,-0.044940829110146296,-0.04557655285515765,-0.08948312842239368
87,5.129514721118093,1,352,-0.026116025551345956,-0.027010793024395092,-0.03286840818611995
88,5.131593517935377,1,20,-0.15825070030132338,-0.15854911761525137,-0.04672559741893905
89,5.133272139084394,1,720,-0.017097542744977545,-0.018340247248171827,-0.03134157523839625
90,5.180143848831508,1,24,0.04884017403173857,0.04895073469525965,0.01580006812553113
91,5.191544573854641,1,60,-0.1529232336347377,-0.15379162224363843,-0.07835447962158391
92,5.281903466139796,1,128,-0.03026008148890469,-0.030629036571239616,-0.022719136962161195
93,5.307962872251924,1,120,-0.04489736730147342,-0.045410187032938414,-0.03262592520023139
94,5.333361443182534,1,80,-0.052318047802145884,-0.052714922810657115,-0.030982943580700393
95,5.341804260491819,1,88,-0.009178464301385247,-0.009255111187127416,-0.005702985902183455
96,5.366291687609134,1,142,0.027275652318166976,0.027645085989251205,0.02158369760339816
97,5.39655088892548,1,270,-0.013358388820051914,-0.013706666630310893,-0.014665942479295742
98,5.406077001992073,1,688,0.0495439913388509,0.05297388326983989,0.0886351022005087
99,5.425969232947945,1,496,0.06659064174709783,0.06985115095560612,0.10018884077534086
100,5.433793033656486,1,134,0.020980602414965688,0.021248559020068333,0.01612171531566596
101,5.441860313245718,1,192,0.12390851236568778,0.12618859999711993,0.1142868800344673
102,5.45957318006514,1,124,-0.07033255494661717,-0.07116299075278258,-0.051963843438259584
103,5.465017778831653,1,378,0.06355368681033724,0.06589788017335507,0.08299217125536162
104,5.468575566085367,2,496,-0.05296827212259814,-0.05556178278506409,-0.07969332691718646
105,5.46957832579705,1,124,-0.08068105333359199,-0.0816336767041185,-0.0596096306615169
106,5.481202793034555,1,684,0.003486486750716722,0.0037263536708506,0.0062179786458575696
107,5.485009115567195,1,300,-0.0691745609683494,-0.0711842809287318,-0.08016983953366877
108,5.48826238115821,1,20,-0.08203454630120177,-0.08218924090354802,-0.024221777076972945
109,5.499075685481517,2,96,0.04723256194802161,0.04766317219781602,0.03066429396021834
110,5.506526776789745,1,12,-0.12392116430100941,-0.1240612673723643,-0.028331306493520423
111,5.507873690182207,1,60,0.03275386036511918,0.03293985616298774,0.01678235297090437
112,5.518175524908087,1,628,-0.015678767867484567,-0.016663591457453525,-0.026718078516144484
113,5.526141254001483,1,84,-0.13001326668245383,-0.13104922896890633,-0.07891069044331687
114,5.544079515126543,1,12,-0.03975913430122091,-0.03980408527519421,-0.009089877634741587
115,5.549449713188067,1,964,-0.020224677039550443,-0.022242539665719183,-0.043436680813868374
116,5.5539713888578754,1,100,-0.20728815870188555,-0.20925745529019363,-0.13737662631630368
117,5.56210854231849,1,1212,-0.09785494809602824,-0.1104532269491996,-0.23873551992025824
118,5.564924193028856,1,28,-0.1620219657297639,-0.1624500290498565,-0.056625361925924385
119,5.569304411501565,1,56,0.10315969498424238,0.10370623641239998,0.051054803033215176
120,5.570678111252825,1,44,-0.15353155248340045,-0.15416993731903852,-0.06731473445764954
121,5.576331370631753,1,1396,-0.10184788309879877,-0.11725196162755266,-0.26931708249273223
122,5.578434098678244,1,28,-0.10366015715862886,-0.10393402811757374,-0.03622838354045843
123,5.589846423932145,1,340,-0.06255440736049422,-0.06462212061372366,-0.07732931236501749
124,5.600240420033489,1,12,-0.06760710430171457,-0.06768353969580976,-0.015456581641495434
125,5.602162112742748,1,28,-0.18852797858698978,-0.18902607100294305,-0.06588899827584602
126,5.605207304601414,2,64,-0.11930044742621249,-0.12002334353112698,-0.06314355275610727
127,5.634101838317524,1,132,-0.015095133089289448,-0.015285008979430675,-0.011511274703522372
128,5.677840881967886,1,36,-0.15044119985668658,-0.15095261470286017,-0.05964033781019808
129,5.717730072134825,1,228,0.061580611838962795,0.06293090799936463,0.06200212185716829
130,5.72273457470513,1,4,0.338263685698621,0.3383910679918113,0.04463260748700633
131,5.73998582137252,1,132,0.04027843236553963,0.040785079311029135,0.030715601959148506
132,5.868313928713915,1,84,0.08574733379418831,0.08643057947920285,0.052043775883169094
133,5.897984407753326,1,68,0.12667961805209416,0.1274955125395144,0.06912583790418557
134,5.911209243388103,1,4,0.3126374156986458,0.31275514773011515,0.04125131857356443
135,6.065810393063199,1,116,-0.05333610981915626,-0.05392478619946559,-0.03809947653648522
136,6.07202364102088,1,100,-0.05258941630154368,-0.053089030746896367,-0.034852722108739694
137,6.08335362211567,1,244,-0.07857029217029776,-0.08041686810097182,-0.0818997931429513
138,6.08832513646682,1,652,0.028447971526929905,0.030307614339363124,0.04945502848394759
139,6.109206631503264,1,276,-0.07027875270705408,-0.07215285278161875,-0.07803302574727453
140,6.120519382248873,1,308,0.004708478555585316,0.004849030152174315,0.005531312928295609
141,6.129665298386306,1,262,-0.010665583767149656,-0.010935207751072951,-0.01153032663768963
142,6.130738383255535,1,354,0.031467547055399336,0.03255200106873954,0.039719799880979526
143,6.140619645523458,1,150,-0.005361068301226624,-0.0054378304499691455,-0.004361835280542136
144,6.1553720644329575,1,158,0.04730260785026985,0.04801657537220995,0.0395140738224311
145,6.544893943561074,1,387,0.07001376128073389,0.07266004759623336,0.09255079556210169
146,6.556406748994503,1,28,0.11083696855575909,0.11112980070293067,0.03873662086959691
147,6.588881160340103,1,75,-0.06345516376768501,-0.06390622407567634,-0.03637649285048446
148,6.611737373224076,1,76,-0.08595769377507168,-0.0865769150784286,-0.04960613114831164
149,6.652790183729025,1,348,-0.017529186141473474,-0.01812270207747881,-0.021931437774918888
150,6.672894757588554,1,20,0.19779347969870287,0.19816646381801714,0.05840112231192084
151,6.697631186221463,1,796,0.021326486451471283,0.023053432860588793,0.04126379069345308
152,6.723042714739681,1,68,-0.06984367547829606,-0.07029351161689869,-0.03811191306234997
153,6.73331981496164,1,236,-0.07233319904662494,-0.07397618605372691,-0.07412350316652423
154,6.741325559655642,1,216,-0.08486915652383686,-0.08663013037881051,-0.08312304279813976
155,6.767419348362533,1,276,-0.0979635256057918,-0.10057588629085412,-0.1087724244007792
156,6.805921511222726,1,40,-0.027957251301359065,-0.028062889887757625,-0.011684995700967898
157,6.832871531793486,1,152,-0.02038808114366475,-0.02068395553317152,-0.016699824166497183
158,6.858902806031287,1,20,-0.04817100430136634,-0.048261841573626216,-0.014223121604108834
159,6.885603544754827,1,10,0.1432814876984594,0.14341645518662724,0.029900583468378403
160,6.888273727709581,1,908,-0.040543272582908685,-0.044331427710844286,-0.08426424114464817
161,6.912992194075853,1,676,-0.05240605009930732,-0.055966501345545046,-0.09287808901887644
162,6.91573629773957,1,18,0.016740134587507782,0.01676853979094367,0.004688657163465059
163,6.923548404980591,1,864,-0.008997619439924165,-0.00979396683014885,-0.01820057572830746
164,6.927924885452114,1,52,-0.1849654989168812,-0.18587510795470744,-0.08819476002660406
165,6.931283999001242,1,280,-0.039501554730122734,-0.04057060898743294,-0.044185218170268784
166,6.935927241274299,1,264,0.06528402554749846,0.0669473128199019,0.07085281855372388
167,6.940966032094938,1,646,-0.030050110587126255,-0.03199523798723341,-0.05198368936026931
168,6.956959657649926,1,461,-0.11495860636296129,-0.12017217424763994,-0.16645938941380953
169,6.982899925768629,1,250,-0.10612184446108586,-0.10867875089343737,-0.11200304975100846
170,6.985911677491076,1,1,-0.18234667430124318,-0.18236383634348588,-0.012028276790924938
171,6.989398864911943,1,52,-0.1293696781476683,-0.13000588235477778,-0.061685707798595876
172,6.99184560367244,1,8,0.2598458856987236,0.26004166334621487,0.04849640139197714
173,7.012844270310539,1,28,-0.15521317858701877,-0.15562325303731825,-0.05424574608492901
174,7.018946278763068,1,84,-0.09260584287267193,-0.09334373803739608,-0.05620650251088994
175,7.021118064655185,1,24,0.03253607903207012,0.032609731726980236,0.010525602650280073
176,7.101309022745391,1,28,-0.1359024271587259,-0.13626148245043382,-0.04749679520186964
177,7.1472529455190905,1,80,0.026773220198265335,0.02697631687910794,0.015855201133132005
178,7.248820291289538,1,640,0.028894723073790374,0.030746577944770877,0.049737365585735445
179,7.280441651775873,1,528,0.03738598857898978,0.03934081150726216,0.05812703663719526
180,7.29347977947608,1,152,0.023118998856261896,0.02345450466169203,0.018936711749084255
181,7.3001992210136315,2,320,0.0336264649486111,0.03467056244132741,0.04028850660914217
182,7.350825727715229,1,72,0.03497134958752213,0.035209926160112294,0.01963993886979236
183,7.355788067626498,1,56,-0.01699442430117415,-0.017084460988664563,-0.00841071685637437
184,7.3710727916079914,1,1280,0.019266084854280052,0.02190470978431847,0.048479217467823514
185,7.421386401527127,1,32,-0.1324632380510593,-0.13286335355460635,-0.04950059370260994
186,7.423144716561074,2,280,-0.0640292377302103,-0.06576209937581212,-0.07162112624819662
187,7.430456842260675,2,96,0.06410884986553356,0.06469331801001181,0.04162070691576396
188,7.440462682906707,1,16,0.1770463406987801,0.17731332858065127,0.04674759685940131
189,7.454179337639378,1,144,-0.1166275915238657,-0.11822980228516479,-0.09294595869096368
190,7.512332416962657,1,242,-0.10367143983876304,-0.1060875115319981,-0.10761046532758992
191,7.563647628300732,1,622,-0.0288256241410636,-0.030617861069722384,-0.04887166174059262
192,7.612185678162867,1,34,-0.0019786013604061736,-0.0019849526130438833,-0.0007622173182414481
193,7.713031371851413,1,4,0.24955789569867193,0.24965187343904735,0.03292821569353722
194,7.845888755882244,1,26,0.16139365877552336,0.16178953001196092,0.054348835641899636
195,7.856218075012777,1,12,-0.051424037634660635,-0.05148217674113728,-0.011756750185607524
196,7.923533910877511,1,108,-0.2085421887454686,-0.21068352325879675,-0.14368428053344684
197,7.959773105029143,1,1116,-0.03691351975021462,-0.04124532711681423,-0.08597997853746356
198,7.979475628415718,1,20,-0.10890661030134652,-0.10911197822795295,-0.03215610685791005
199,7.981495963031801,1,548,-0.04007133306049582,-0.042250246589049294,-0.06353410676830429
200,7.992354194331146,1,1044,-0.09264709702165419,-0.10274139563514682,-0.207933286421108
201,7.993565352321746,1,124,-0.04519540268893252,-0.045729037230165775,-0.033391746272521054
202,7.999738349613878,1,436,-0.06819555595257043,-0.07111344235304376,-0.09591405731581228
203,8.017142741349698,1,44,-0.11474396430094203,-0.1152210701843442,-0.05030861319827189
204,8.06449227107364,1,36,-0.18534519652348536,-0.18597526518248775,-0.07347754566330529
205,8.085320242988294,1,20,-0.16790917830167018,-0.16822580884916172,-0.04957738988391065
206,8.094995195923875,1,20,-0.07610815430143703,-0.07625167335750183,-0.022471932013327978
207,8.128780943869538,1,44,-0.13611707430118258,-0.1366830496643786,-0.05967948974370609
208,8.163622347082843,1,12,0.042147305699018034,0.04219495669225811,0.009635870049119612
209,8.174527835873073,1,108,-0.13216303948638597,-0.13352010435519476,-0.09105951824937442
210,8.23864223634979,1,134,0.015500895698551176,0.015698867486657303,0.01191105110512287
211,8.243667050574127,1,182,0.026962009875205695,0.027431857229255657,0.024200512410360604
212,8.245649651419134,1,278,-0.0023173954527919705,-0.0023796525030286716,-0.002582642982100767
213,8.256733219854063,1,330,0.032809068668029795,0.033860641379781765,0.03993803022265101
214,8.29235460987362,1,78,-0.07010281148041031,-0.07062120542465,-0.040989036744102446
215,8.293799171035273,1,70,-0.07163822487245852,-0.07211327941661204,-0.03966561397166165
216,8.343253959908324,1,766,-0.04653596913203728,-0.05015123813556008,-0.0881931238664003
217,8.364179461772595,1,10,-0.15208112630079995,-0.1522243828279634,-0.031736929062616506
218,8.5839740482891,1,12,0.1898206156984088,0.19003522351516733,0.04339747832668187
219,8.675681032157607,1,300,-0.04975431710136036,-0.05119982312054473,-0.05766275293046531
220,8.694903711753552,1,268,-0.06955635698795959,-0.07135603875049008,-0.07607400964459533
221,8.701511554404618,1,892,0.03569141901698458,0.038962093533103495,0.07346332940997088
222,8.716051143341861,1,228,-0.09099947640652317,-0.09299484865560737,-0.09162235412989916
223,8.740130804378168,1,20,0.07681328369926632,0.07695813243060953,0.02268013072637974
224,8.744923233431388,1,60,-0.08540277963493281,-0.08588774715333163,-0.043758493706557204
225,8.782524936332196,1,68,-0.07022633665428657,-0.07067863736615262,-0.03832072151047009
226,8.789782356029148,1,6,-0.019702194300862175,-0.019713325486847542,-0.003184182861144222
227,8.796941306231924,1,910,-0.030286122652341874,-0.033122719157548074,-0.06302177861713465
228,8.818913704309127,1,139,0.07698631267749079,0.07800672818559341,0.06026502224137929
229,8.82646385112808,1,323,0.006513300033930136,0.006717492587317092,0.007841344440832803
230,8.972043809734965,1,6,-0.16794161763436932,-0.16803649990668046,-0.027141993034432394
231,8.999504089233103,1,381,-0.1306717910460975,-0.13553132764145442,-0.17133985146972402
232,9.044089822578727,1,2,-0.2540085643013299,-0.25405638218095433,-0.023696781410910472
233,9.061029114527258,1,166,-0.005033378758980689,-0.0051132583861125125,-0.004311395358514343
234,9.064455713337107,1,338,0.017077509012779046,0.017638570250825034,0.02104686577180888
235,9.066756705534521,1,81,-0.14532467133813043,-0.14644096326838427,-0.08660213577438583
236,9.10096192883326,1,302,-0.012212702778015228,-0.012569951544443732,-0.014202385517703899
237,9.113593590657842,1,118,0.021375294682457024,0.02161532939324492,0.01540150347039077
238,9.243931734607196,1,76,0.13584462938297293,0.1368232257629089,0.07839585038553791
239,9.287776390389634,1,76,0.03809602043565974,0.03837045622026311,0.02198518949027757
240,9.302556062126753,1,652,0.05265438839842318,0.05609640375911787,0.09153637810914865
241,9.312950531669985,1,108,-0.06235943985711856,-0.06299975355996991,-0.0429652690634448
242,9.315763821178935,1,284,-0.09456244049761153,-0.09715920448281445,-0.10654807585969864
243,9.32384757591569,1,108,-0.08236570726467107,-0.08321144755797735,-0.0567494637909014
244,9.328309267788116,1,308,-0.050218320664498606,-0.05171737501549547,-0.05899426814503315
245,9.364613187276449,1,236,-0.0882299092163521,-0.09023397645421428,-0.09041366953649624
246,9.467153411553632,1,322,-0.0988789252951392,-0.10196889171291111,-0.11884989001113914
247,9.46933294264713,1,534,-0.03381121763459305,-0.035600277309777446,-0.05288260673643739
248,9.48781320533636,1,50,0.017576616899077635,0.01765971361017454,0.008217308725464278
249,9.581273074036218,1,18,0.1431115523655535,0.14335438870770245,0.0400833698048969
250,9.835048538760438,1,34,0.0552813915810475,0.05545884317565485,0.021296070465530118
251,9.976335968739596,1,346,-0.09562614175729323,-0.098844686998493,-0.11928563903431728
252,9.983157125747821,1,542,-0.03333894858133135,-0.03513086747853906,-0.052553925356480756
253,10.099351316948594,1,2,0.17576884569871254,0.17580193471103087,0.016397698741908474
