#step;attempt;energy_eV;energy_low_eV;energy_high_eV
1;1;  -3057.3967141100;  -3057.3967141100;  -3059.6650332100
2;2;  -3057.2553845400;  -3057.2553845400;  -3059.5955105900
3;3;  -3057.7309134900;  -3057.7309134900;  -3059.8188165000
4;4;  -3057.3793313500;  -3057.3793313500;  -3059.6860055500
5;5;  -3057.7779722000;  -3057.7779722000;  -3059.8571214900
6;6;  -3057.3461207600;  -3057.3461207600;  -3059.5902447300
7;7;  -3057.2921082300;  -3057.2921082300;  -3059.5702990200
8;8;  -3057.5318427900;  -3057.5318427900;  -3059.7834649600
9;9;  -3057.7051152500;  -3057.7051152500;  -3059.7422954900
10;10;  -3057.6403471400;  -3057.6403471400;  -3059.7405079500
11;11;  -3057.0837870400;  -3057.0837870400;  -3059.6052437500
12;12;  -3057.6091352200;  -3057.6091352200;  -3059.8186092600
13;13;  -3057.6358013000;  -3057.6358013000;  -3059.8543081300
14;14;  -3057.0850018000;  -3057.0850018000;  -3059.6133242400
15;15;  -3057.3805855300;  -3057.3805855300;  -3059.7726052100
16;16;  -3057.7872091700;  -3057.7872091700;  -3059.7953073500
17;17;  -3057.6918243500;  -3057.6918243500;  -3059.8016055900
18;18;  -3057.3604541900;  -3057.3604541900;  -3059.7397136500
19;19;  -3057.5561728800;  -3057.5561728800;  -3059.7768677700
20;20;  -3057.5055727700;  -3057.5055727700;  -3059.7119282000
21;21;  -3057.5162337600;  -3057.5162337600;  -3059.8839316200
22;22;  -3057.3486679800;  -3057.3486679800;  -3059.7596641200
23;23;  -3057.7243271800;  -3057.7243271800;  -3059.8136850900
24;24;  -3057.7471350200;  -3057.7471350200;  -3059.7817996600
25;25;  -3057.3239627900;  -3057.3239627900;  -3059.6905818600
26;26;  -3057.3394679700;  -3057.3394679700;  -3059.7374581800
27;27;  -3057.3846846900;  -3057.3846846900;  -3059.7353064900
28;28;  -3057.6032759900;  -3057.6032759900;  -3059.8363678700
29;29;  -3057.4445196200;  -3057.4445196200;  -3059.8419783300
30;30;  -3057.3331756600;  -3057.3331756600;  -3059.6578500400
31;31;  -3057.7052543000;  -3057.7052543000;  -3059.8122454000
32;32;  -3057.5819364800;  -3057.5819364800;  -3059.8346217500
33;33;  -3057.5748587500;  -3057.5748587500;  -3059.7863488900
34;34;  -3057.2001804100;  -3057.2001804100;  -3059.5839100200
35;35;  -3057.5921135200;  -3057.5921135200;  -3059.8130607100
36;36;  -3057.6329871500;  -3057.6329871500;  -3059.8274177100
37;37;  -3057.3372360400;  -3057.3372360400;  -3059.7456033400
38;38;  -3057.4328064200;  -3057.4328064200;  -3059.6849164500
39;39;  -3057.6602371200;  -3057.6602371200;  -3059.6807532200
40;40;  -3057.3736579100;  -3057.3736579100;  -3059.7244531400
41;41;  -3057.1521985900;  -3057.1521985900;  -3059.6255188300
42;42;  -3057.6777878900;  -3057.6777878900;  -3059.8431164800
43;43;  -3057.2913768500;  -3057.2913768500;  -3059.7921338600
44;44;  -3057.5178872100;  -3057.5178872100;  -3059.7143032600
45;45;  -3057.3073394200;  -3057.3073394200;  -3059.6581396000
46;46;  -3057.7239958100;  -3057.7239958100;  -3059.7839043000
47;47;  -3057.4193542900;  -3057.4193542900;  -3059.8071237800
48;48;  -3057.3694657200;  -3057.3694657200;  -3059.6631329400
49;49;  -3057.7976104100;  -3057.7976104100;  -3059.8358905500
50;50;  -3057.4581467100;  -3057.4581467100;  -3059.8232686900
51;51;  -3057.4452660100;  -3057.4452660100;  -3059.6944969000
52;52;  -3057.6418003200;  -3057.6418003200;  -3059.7347296400
53;53;  -3057.7502968800;  -3057.7502968800;  -3059.7880720300
54;54;  -3057.6442682400;  -3057.6442682400;  -3059.8567233400
55;55;  -3057.6215002000;  -3057.6215002000;  -3059.8422027400
56;56;  -3057.2960483500;  -3057.2960483500;  -3059.7882671700
57;57;  -3057.4071120100;  -3057.4071120100;  -3059.6765062800
58;58;  -3057.3709065800;  -3057.3709065800;  -3059.6115784600
59;59;  -3057.4910540500;  -3057.4910540500;  -3059.7669702200
60;60;  -3057.5781630200;  -3057.5781630200;  -3059.7364686700
61;61;  -3057.5079986400;  -3057.5079986400;  -3059.7920690900
62;62;  -3057.5816783400;  -3057.5816783400;  -3059.8085242100
63;63;  -3057.5801751700;  -3057.5801751700;  -3059.8139771800
64;64;  -3057.4411221000;  -3057.4411221000;  -3059.6258686600
65;65;  -3057.6090949100;  -3057.6090949100;  -3059.8264765900
66;66;  -3057.3841493800;  -3057.3841493800;  -3059.7184630400
67;67;  -3057.3348408000;  -3057.3348408000;  -3059.6868937600
68;69;  -3057.6997040400;  -3057.6997040400;  -3059.7108414900
69;70;  -3057.6757022200;  -3057.6757022200;  -3059.7738973400
70;71;  -3057.3694698500;  -3057.3694698500;  -3059.5776253700
71;72;  -3057.4841729500;  -3057.4841729500;  -3059.6920325500
72;73;  -3058.1422293900;  -3058.1422293900;  -3059.7590962700
73;75;  -3057.4613026300;  -3057.4613026300;  -3059.8187321900
74;77;  -3057.3818493700;  -3057.3818493700;  -3059.7662238200
75;78;  -3057.5560893600;  -3057.5560893600;  -3059.6818827300
76;79;  -3057.2081984700;  -3057.2081984700;  -3059.7275579000
77;80;  -3057.6950966200;  -3057.6950966200;  -3059.7992555400
78;81;  -3057.1316978000;  -3057.1316978000;  -3059.5079014000
79;82;  -3057.7502748900;  -3057.7502748900;  -3059.8284116200
80;83;  -3057.6754143900;  -3057.6754143900;  -3059.7642814400
81;84;  -3057.2428624000;  -3057.2428624000;  -3059.6485084700
82;85;  -3057.2065780100;  -3057.2065780100;  -3059.6823572600
83;86;  -3057.6307297200;  -3057.6307297200;  -3059.8214081800
84;87;  -3057.5874209900;  -3057.5874209900;  -3059.8541729200
85;88;  -3057.4478231300;  -3057.4478231300;  -3059.6830786500
86;89;  -3057.5071832700;  -3057.5071832700;  -3059.6961616400
87;90;  -3057.5981597600;  -3057.5981597600;  -3059.8019022100
88;91;  -3057.5830328500;  -3057.5830328500;  -3059.7914184800
89;92;  -3057.6421743300;  -3057.6421743300;  -3059.8100080500
90;93;  -3057.7220313900;  -3057.7220313900;  -3059.7958604400
91;96;  -3057.8198695300;  -3057.8198695300;  -3059.8349065500
92;99;  -3057.6279503200;  -3057.6279503200;  -3059.8608349400
93;101;  -3057.5629796000;  -3057.5629796000;  -3059.6585382800
94;102;  -3057.5770981000;  -3057.5770981000;  -3059.5569425900
95;103;  -3057.4119182100;  -3057.4119182100;  -3059.7893495500
96;104;  -3057.6175617000;  -3057.6175617000;  -3059.7888680600
97;105;  -3057.2030270000;  -3057.2030270000;  -3059.6999459200
98;106;  -3057.4425984300;  -3057.4425984300;  -3059.6473797800
99;107;  -3057.4364984600;  -3057.4364984600;  -3059.6893088400
100;108;  -3057.4421346700;  -3057.4421346700;  -3059.8058775400
101;109;  -3057.7669089700;  -3057.7669089700;  -3059.8570091300
102;110;  -3057.6510644500;  -3057.6510644500;  -3059.8366637000
103;111;  -3057.7294278100;  -3057.7294278100;  -3059.7495697100
104;112;  -3057.1128583900;  -3057.1128583900;  -3059.7309416700
105;113;  -3057.4999372000;  -3057.4999372000;  -3059.7294795700
106;114;  -3057.5533153100;  -3057.5533153100;  -3059.7292104300
107;116;  -3057.5485717500;  -3057.5485717500;  -3059.7760015600
108;117;  -3057.4315617800;  -3057.4315617800;  -3059.6651286000
109;119;  -3057.6970049100;  -3057.6970049100;  -3059.8464426200
110;120;  -3057.5814069100;  -3057.5814069100;  -3059.8531122100
111;122;  -3057.4683637600;  -3057.4683637600;  -3059.7072892500
112;124;  -3057.6645957000;  -3057.6645957000;  -3059.8342297400
113;125;  -3057.6745312900;  -3057.6745312900;  -3059.8440009500
114;126;  -3057.4531841200;  -3057.4531841200;  -3059.8251041900
115;127;  -3057.5600859000;  -3057.5600859000;  -3059.8232686900
116;128;  -3057.6652058900;  -3057.6652058900;  -3059.8671991600
117;129;  -3057.5395118000;  -3057.5395118000;  -3059.7471192800
118;130;  -3057.7821119100;  -3057.7821119100;  -3059.8272283400
119;131;  -3057.6114473700;  -3057.6114473700;  -3059.7329005400
120;133;  -3057.4702887700;  -3057.4702887700;  -3059.8339126400
121;134;  -3057.6934113600;  -3057.6934113600;  -3059.7904470900
122;135;  -3057.6160597300;  -3057.6160597300;  -3059.8320521300
123;136;  -3057.4363983400;  -3057.4363983400;  -3059.6883965100
124;137;  -3057.5598452300;  -3057.5598452300;  -3059.7863488900
125;140;  -3057.6120017800;  -3057.6120017800;  -3059.8186092600
126;141;  -3057.5353005100;  -3057.5353005100;  -3059.7677114600
127;142;  -3057.4819740000;  -3057.4819740000;  -3059.8556736600
128;143;  -3057.2012742800;  -3057.2012742800;  -3059.7054981000
129;144;  -3057.3064917000;  -3057.3064917000;  -3059.6266729600
130;145;  -3057.5837423600;  -3057.5837423600;  -3059.7875448100
131;147;  -3057.3811397400;  -3057.3811397400;  -3059.6367731200
132;148;  -3057.7621047100;  -3057.7621047100;  -3059.8580617300
133;149;  -3057.4005676300;  -3057.4005676300;  -3059.7686205500
134;150;  -3057.2859852900;  -3057.2859852900;  -3059.6485084700
135;151;  -3057.4325464300;  -3057.4325464300;  -3059.6725990600
136;152;  -3057.3108024000;  -3057.3108024000;  -3059.7430532800
137;153;  -3057.5049440700;  -3057.5049440700;  -3059.7068976300
138;154;  -3057.4965184400;  -3057.4965184400;  -3059.7880491800
139;155;  -3057.4954983900;  -3057.4954983900;  -3059.7294795700
140;156;  -3057.5539622500;  -3057.5539622500;  -3059.7890176500
141;157;  -3057.5929324600;  -3057.5929324600;  -3059.8168110500
142;159;  -3057.5900655900;  -3057.5900655900;  -3059.8616392400
143;160;  -3057.6254127100;  -3057.6254127100;  -3059.7987910500
144;161;  -3057.7133277200;  -3057.7133277200;  -3059.7948353500
145;162;  -3057.6969264000;  -3057.6969264000;  -3059.8530790600
146;163;  -3057.6846998700;  -3057.6846998700;  -3059.8776194300
147;164;  -3057.5367143800;  -3057.5367143800;  -3059.7781692900
148;165;  -3057.5578565800;  -3057.5578565800;  -3059.6077986000
149;167;  -3057.3762178900;  -3057.3762178900;  -3059.7474363800
150;168;  -3057.5149684200;  -3057.5149684200;  -3059.8626626600
151;170;  -3057.5267610600;  -3057.5267610600;  -3059.8399205000
152;173;  -3057.4120588900;  -3057.4120588900;  -3059.7916896900
153;174;  -3057.7341652700;  -3057.7341652700;  -3059.8304179100
154;177;  -3057.7122712100;  -3057.7122712100;  -3059.8101152900
155;178;  -3057.7067989200;  -3057.7067989200;  -3059.8740340700
156;180;  -3057.8437348600;  -3057.8437348600;  -3059.7926439800
157;181;  -3057.5418691700;  -3057.5418691700;  -3059.8351735900
158;182;  -3057.7409743200;  -3057.7409743200;  -3059.8414784900
159;183;  -3057.3404866700;  -3057.3404866700;  -3059.7366470100
160;184;  -3057.6161260000;  -3057.6161260000;  -3059.8483031300
161;186;  -3057.5096872700;  -3057.5096872700;  -3059.6215164200
162;187;  -3057.7782877400;  -3057.7782877400;  -3059.8571772600
163;188;  -3057.5367753100;  -3057.5367753100;  -3059.8125293500
164;189;  -3057.6639623400;  -3057.6639623400;  -3059.8788403600
165;190;  -3057.3060655800;  -3057.3060655800;  -3059.7137777500
166;191;  -3057.8023503300;  -3057.8023503300;  -3059.8230708200
167;192;  -3057.5024217200;  -3057.5024217200;  -3059.7541631000
168;196;  -3057.7323141500;  -3057.7323141500;  -3059.8278674900
169;199;  -3057.4082617400;  -3057.4082617400;  -3059.7760261800
170;200;  -3057.6650518000;  -3057.6650518000;  -3059.7821060900
171;202;  -3057.5643993000;  -3057.5643993000;  -3059.8522751800
172;203;  -3057.8411114100;  -3057.8411114100;  -3059.8429758900
173;204;  -3057.5076871500;  -3057.5076871500;  -3059.7258686700
174;205;  -3057.6899751500;  -3057.6899751500;  -3059.7714400500
175;206;  -3057.5320512500;  -3057.5320512500;  -3059.7858216700
176;207;  -3057.2916255400;  -3057.2916255400;  -3059.6661041300
177;208;  -3057.6959537200;  -3057.6959537200;  -3059.8599906200
178;209;  -3057.5825255300;  -3057.5825255300;  -3059.8095623000
179;211;  -3057.5232921100;  -3057.5232921100;  -3059.7761864000
180;212;  -3057.7537350500;  -3057.7537350500;  -3059.7748881000
181;213;  -3057.5919891000;  -3057.5919891000;  -3059.7894053200
182;214;  -3057.3803789600;  -3057.3803789600;  -3059.5887194400
183;217;  -3057.5648679800;  -3057.5648679800;  -3059.8096613700
184;219;  -3057.6008722800;  -3057.6008722800;  -3059.7036966000
185;220;  -3057.7826096100;  -3057.7826096100;  -3059.8050007600
186;221;  -3057.3888690600;  -3057.3888690600;  -3059.7450024500
187;223;  -3057.4175510400;  -3057.4175510400;  -3059.7772597800
188;225;  -3057.2513674300;  -3057.2513674300;  -3059.6084172400
189;226;  -3057.7308001900;  -3057.7308001900;  -3059.8335515900
190;227;  -3057.4863496300;  -3057.4863496300;  -3059.7305622400
191;228;  -3057.5878798000;  -3057.5878798000;  -3059.7927459000
192;229;  -3057.7479752900;  -3057.7479752900;  -3059.7601763700
193;230;  -3057.6019302400;  -3057.6019302400;  -3059.8099679000
194;232;  -3057.5542415300;  -3057.5542415300;  -3059.7742063900
195;233;  -3057.4657855900;  -3057.4657855900;  -3059.8193183700
196;234;  -3057.4329353200;  -3057.4329353200;  -3059.8083197000
197;235;  -3057.2342340200;  -3057.2342340200;  -3059.6999086300
198;236;  -3057.6338131500;  -3057.6338131500;  -3059.8108561100
199;237;  -3057.4187660400;  -3057.4187660400;  -3059.6717574700
200;238;  -3057.3137374100;  -3057.3137374100;  -3059.6863349200
201;241;  -3057.4894439900;  -3057.4894439900;  -3059.6810384100
202;242;  -3057.6464854100;  -3057.6464854100;  -3059.8061671000
203;244;  -3057.6260010300;  -3057.6260010300;  -3059.8362076500
204;245;  -3057.4377184600;  -3057.4377184600;  -3059.7585010900
205;246;  -3057.5231711900;  -3057.5231711900;  -3059.7361015700
206;247;  -3057.5151915900;  -3057.5151915900;  -3059.8223804800
207;248;  -3057.6961893800;  -3057.6961893800;  -3059.7682390200
208;249;  -3057.2098718800;  -3057.2098718800;  -3059.6176632000
209;250;  -3057.4328253700;  -3057.4328253700;  -3059.7926652200
210;251;  -3057.6981637900;  -3057.6981637900;  -3059.8268682100
211;252;  -3057.4186051200;  -3057.4186051200;  -3059.6712634000
212;253;  -3057.7580611400;  -3057.7580611400;  -3059.8113100300
213;255;  -3057.1548606500;  -3057.1548606500;  -3059.6795042200
214;256;  -3057.5547538000;  -3057.5547538000;  -3059.8484154900
215;257;  -3057.4644648200;  -3057.4644648200;  -3059.7233017400
216;258;  -3057.7946595100;  -3057.7946595100;  -3059.7891668100
217;259;  -3057.5346026100;  -3057.5346026100;  -3059.8176180800
218;260;  -3057.5081189700;  -3057.5081189700;  -3059.6734876700
219;261;  -3057.5685305100;  -3057.5685305100;  -3059.6851393400
220;262;  -3057.6547732200;  -3057.6547732200;  -3059.8588696400
221;263;  -3057.5858415600;  -3057.5858415600;  -3059.7693596600
222;264;  -3057.5514974000;  -3057.5514974000;  -3059.8304768700
223;265;  -3057.7559459700;  -3057.7559459700;  -3059.8145110600
224;267;  -3057.4084498700;  -3057.4084498700;  -3059.6313365300
225;268;  -3057.4409876900;  -3057.4409876900;  -3059.8125293500
226;269;  -3057.4065876500;  -3057.4065876500;  -3059.7950402800
227;270;  -3057.6436030400;  -3057.6436030400;  -3059.8455610700
228;271;  -3057.6712790700;  -3057.6712790700;  -3059.8589097900
229;272;  -3057.6990413800;  -3057.6990413800;  -3059.7363201000
230;276;  -3057.5033581600;  -3057.5033581600;  -3059.8381222900
231;277;  -3057.5515887000;  -3057.5515887000;  -3059.7906662700
232;279;  -3057.2611159700;  -3057.2611159700;  -3059.5874142000
233;280;  -3057.5188866900;  -3057.5188866900;  -3059.8157253300
234;281;  -3057.4004977100;  -3057.4004977100;  -3059.7768677700
235;284;  -3057.6559190800;  -3057.6559190800;  -3059.7575988700
236;286;  -3057.5911943500;  -3057.5911943500;  -3059.7647108000
237;287;  -3057.4872617900;  -3057.4872617900;  -3059.7433648000
238;288;  -3057.5090123600;  -3057.5090123600;  -3059.7602660200
239;289;  -3057.5742295300;  -3057.5742295300;  -3059.7863488900
240;290;  -3057.5704809400;  -3057.5704809400;  -3059.9006386700
241;291;  -3057.2390442300;  -3057.2390442300;  -3059.5580967200
242;292;  -3057.3015780000;  -3057.3015780000;  -3059.6807532200
243;293;  -3057.2175457700;  -3057.2175457700;  -3059.6995600900
244;294;  -3057.2992258500;  -3057.2992258500;  -3059.6948140000
245;295;  -3057.3520104300;  -3057.3520104300;  -3059.7073142600
246;296;  -3057.3366921700;  -3057.3366921700;  -3059.6705817600
247;297;  -3057.3983233900;  -3057.3983233900;  -3059.7283949300
248;298;  -3057.3730436500;  -3057.3730436500;  -3059.6165877200
249;300;  -3057.7249746000;  -3057.7249746000;  -3059.8378235400
250;302;  -3057.5933806600;  -3057.5933806600;  -3059.8655247900
251;304;  -3057.5769100200;  -3057.5769100200;  -3059.7955052000
252;306;  -3057.2857519400;  -3057.2857519400;  -3059.6469852400
253;307;  -3057.4135054000;  -3057.4135054000;  -3059.8076424700
254;308;  -3057.6656812900;  -3057.6656812900;  -3059.6639687300
255;309;  -3057.6525074700;  -3057.6525074700;  -3059.7607465600
256;310;  -3057.3494347900;  -3057.3494347900;  -3059.7298808700
257;311;  -3057.7440495400;  -3057.7440495400;  -3059.7662238200
258;313;  -3057.4112063100;  -3057.4112063100;  -3059.8067260000
259;314;  -3057.4207219800;  -3057.4207219800;  -3059.7831004200
260;315;  -3057.2914108400;  -3057.2914108400;  -3059.6623865400
261;316;  -3057.5637274700;  -3057.5637274700;  -3059.8030050700
262;317;  -3057.5291555400;  -3057.5291555400;  -3059.7600787200
263;318;  -3057.7103669600;  -3057.7103669600;  -3059.8129586500
264;319;  -3057.5017514600;  -3057.5017514600;  -3059.7259889800
265;320;  -3057.5549753100;  -3057.5549753100;  -3059.8843814000
266;322;  -3057.6384035000;  -3057.6384035000;  -3059.8602101600
267;325;  -3057.7044613700;  -3057.7044613700;  -3059.5083948400
268;326;  -3057.5827500600;  -3057.5827500600;  -3059.8019022100
269;327;  -3056.5444500200;  -3056.5444500200;  -3059.5885681400
270;328;  -3057.6291409000;  -3057.6291409000;  -3059.8455610700
271;329;  -3057.7101713800;  -3057.7101713800;  -3059.8131561000
272;330;  -3057.0769800900;  -3057.0769800900;  -3059.5529579300
273;331;  -3057.4685011800;  -3057.4685011800;  -3059.7036966000
274;332;  -3057.6522328000;  -3057.6522328000;  -3059.8426587900
275;333;  -3057.5659617500;  -3057.5659617500;  -3059.8742788500
276;335;  -3057.7261748600;  -3057.7261748600;  -3059.8555690800
277;336;  -3057.5204252800;  -3057.5204252800;  -3059.7630998900
278;337;  -3057.4643865800;  -3057.4643865800;  -3059.7654195200
279;338;  -3057.3635883600;  -3057.3635883600;  -3059.7447921700
280;339;  -3057.6515912200;  -3057.6515912200;  -3059.8284849200
281;343;  -3057.4945022200;  -3057.4945022200;  -3059.7051035600
282;346;  -3057.4811495600;  -3057.4811495600;  -3059.6748287000
283;347;  -3057.3269939600;  -3057.3269939600;  -3059.7052134300
284;348;  -3057.5323181700;  -3057.5323181700;  -3059.6981720700
285;350;  -3057.7005178600;  -3057.7005178600;  -3059.7682055300
286;351;  -3057.6705529300;  -3057.6705529300;  -3059.7257134400
287;352;  -3057.5061886500;  -3057.5061886500;  -3059.8373696200
288;353;  -3057.3800996800;  -3057.3800996800;  -3059.7841713400
289;356;  -3057.6294727300;  -3057.6294727300;  -3059.8252135100
290;358;  -3057.5388680700;  -3057.5388680700;  -3059.7606087900
291;359;  -3057.6236387900;  -3057.6236387900;  -3059.8067735300
292;360;  -3057.4904205800;  -3057.4904205800;  -3059.8239082700
293;363;  -3057.6349231100;  -3057.6349231100;  -3059.7705055200
294;364;  -3057.8206122200;  -3057.8206122200;  -3059.7688917600
295;365;  -3057.3423524000;  -3057.3423524000;  -3059.7009545400
296;366;  -3057.5333057500;  -3057.5333057500;  -3059.7143032600
297;367;  -3057.4722649700;  -3057.4722649700;  -3059.8417955900
298;368;  -3057.4379474500;  -3057.4379474500;  -3059.7712057300
299;369;  -3057.4540873600;  -3057.4540873600;  -3059.6874209800
300;371;  -3057.4316619600;  -3057.4316619600;  -3059.7647378800
301;372;  -3057.5417648400;  -3057.5417648400;  -3059.7383537000
302;373;  -3057.6369479800;  -3057.6369479800;  -3059.8214226200
303;374;  -3057.6066407000;  -3057.6066407000;  -3059.7156416500
304;375;  -3057.6136553000;  -3057.6136553000;  -3059.8096024500
305;376;  -3057.5204126800;  -3057.5204126800;  -3059.8157253300
306;377;  -3057.7315588200;  -3057.7315588200;  -3059.8252135100
307;378;  -3057.5914225000;  -3057.5914225000;  -3059.7950959500
308;379;  -3057.5795500000;  -3057.5795500000;  -3059.7955052000
309;380;  -3057.5862126900;  -3057.5862126900;  -3059.7615487700
310;381;  -3057.6889377100;  -3057.6889377100;  -3059.7700516000
311;382;  -3057.6040198500;  -3057.6040198500;  -3059.8908431800
312;383;  -3057.6836673200;  -3057.6836673200;  -3059.7778370600
313;385;  -3057.5982539500;  -3057.5982539500;  -3059.8231707700
314;386;  -3057.6651859900;  -3057.6651859900;  -3059.8080427500
315;389;  -3057.1271355500;  -3057.1271355500;  -3059.6424080800
316;390;  -3057.4862228000;  -3057.4862228000;  -3059.7182049000
317;392;  -3057.4570811100;  -3057.4570811100;  -3059.6804361200
318;393;  -3057.4240354900;  -3057.4240354900;  -3059.6563914500
319;394;  -3057.7194452100;  -3057.7194452100;  -3059.7959472700
320;395;  -3057.2795367000;  -3057.2795367000;  -3059.7985308700
321;396;  -3057.4658666600;  -3057.4658666600;  -3059.7472761600
322;397;  -3057.5497501900;  -3057.5497501900;  -3059.7987614700
323;399;  -3057.7362933700;  -3057.7362933700;  -3059.7355089300
324;400;  -3057.3672372200;  -3057.3672372200;  -3059.7726208300
325;402;  -3057.8618097300;  -3057.8618097300;  -3059.8181553400
326;403;  -3057.3593588000;  -3057.3593588000;  -3059.7321808600
327;404;  -3057.4663079700;  -3057.4663079700;  -3059.7600832800
328;405;  -3057.2171095000;  -3057.2171095000;  -3059.5902275600
329;408;  -3057.7025520600;  -3057.7025520600;  -3059.8057504700
330;409;  -3057.3797626400;  -3057.3797626400;  -3059.7479533900
331;410;  -3057.6174984900;  -3057.6174984900;  -3059.7811622400
332;411;  -3057.3098162400;  -3057.3098162400;  -3059.8127743900
333;412;  -3057.7502843800;  -3057.7502843800;  -3059.8562635200
334;413;  -3057.3568957600;  -3057.3568957600;  -3059.6108970900
335;415;  -3057.1749838800;  -3057.1749838800;  -3059.6640868300
336;417;  -3057.6872581300;  -3057.6872581300;  -3059.7868973900
337;419;  -3057.3770124700;  -3057.3770124700;  -3059.7069285200
338;422;  -3057.5588057800;  -3057.5588057800;  -3059.6942371500
339;424;  -3057.8031163300;  -3057.8031163300;  -3059.8753430200
340;425;  -3057.6379591900;  -3057.6379591900;  -3059.8631165800
341;428;  -3057.5661731500;  -3057.5661731500;  -3059.6753255000
342;431;  -3057.2425931900;  -3057.2425931900;  -3059.7627049300
343;436;  -3057.5460217100;  -3057.5460217100;  -3059.7518312300
344;440;  -3057.5918089200;  -3057.5918089200;  -3059.7912582600
345;441;  -3057.4334089700;  -3057.4334089700;  -3059.7578976200
346;442;  -3057.6063738500;  -3057.6063738500;  -3059.8580215800
347;444;  -3057.7724931600;  -3057.7724931600;  -3059.7995555400
348;446;  -3057.5040685500;  -3057.5040685500;  -3059.8358779400
349;448;  -3057.4004137000;  -3057.4004137000;  -3059.7847006900
350;450;  -3057.4796930100;  -3057.4796930100;  -3059.7077460900
351;453;  -3057.6965759600;  -3057.6965759600;  -3059.7705555800
352;454;  -3057.4063452500;  -3057.4063452500;  -3059.6701092700
353;455;  -3057.7759077800;  -3057.7759077800;  -3059.8197857900
354;456;  -3057.4488092000;  -3057.4488092000;  -3059.8168716800
355;457;  -3057.7077040100;  -3057.7077040100;  -3059.8442706100
356;458;  -3057.5811498800;  -3057.5811498800;  -3059.7606087900
357;459;  -3057.2735116100;  -3057.2735116100;  -3059.6202111800
358;462;  -3057.6445118300;  -3057.6445118300;  -3059.7784588500
359;463;  -3057.4400167100;  -3057.4400167100;  -3059.7964987700
360;465;  -3057.7253578900;  -3057.7253578900;  -3059.8015076700
361;466;  -3057.5788565700;  -3057.5788565700;  -3059.6577271100
362;467;  -3057.1451406200;  -3057.1451406200;  -3059.5472805700
363;469;  -3057.7235834700;  -3057.7235834700;  -3059.8253708100
364;472;  -3057.6823226200;  -3057.6823226200;  -3059.6738416600
365;476;  -3057.6136449800;  -3057.6136449800;  -3059.8664855500
366;477;  -3057.5703600800;  -3057.5703600800;  -3059.7876071100
367;478;  -3057.5290247500;  -3057.5290247500;  -3059.8189263600
368;479;  -3057.3309496400;  -3057.3309496400;  -3059.6670354000
369;483;  -3057.3843426400;  -3057.3843426400;  -3059.6100859200
370;488;  -3057.4277260300;  -3057.4277260300;  -3059.7953446400
371;490;  -3057.2939764800;  -3057.2939764800;  -3059.6591925700
372;491;  -3057.6508887600;  -3057.6508887600;  -3059.8432610800
373;492;  -3057.3816782600;  -3057.3816782600;  -3059.7428707300
374;493;  -3057.0836573400;  -3057.0836573400;  -3059.4624070400
375;495;  -3057.5307975000;  -3057.5307975000;  -3059.7390015900
376;496;  -3057.4041600100;  -3057.4041600100;  -3059.6646718200
377;498;  -3057.5091173500;  -3057.5091173500;  -3059.7460179400
378;499;  -3057.5242900400;  -3057.5242900400;  -3059.8006936200
379;500;  -3057.3988525900;  -3057.3988525900;  -3059.6350249700
380;501;  -3057.3610635600;  -3057.3610635600;  -3059.7673320300
381;503;  -3057.5228624800;  -3057.5228624800;  -3059.7727256200
382;505;  -3057.5959962100;  -3057.5959962100;  -3059.8076757500
383;506;  -3057.7079234000;  -3057.7079234000;  -3059.6886919700
384;508;  -3057.6345369900;  -3057.6345369900;  -3059.8080427500
385;510;  -3057.8172867400;  -3057.8172867400;  -3059.8093510300
386;511;  -3057.5656559900;  -3057.5656559900;  -3059.8274360600
387;512;  -3057.7494101900;  -3057.7494101900;  -3059.7816894600
388;513;  -3057.5976807900;  -3057.5976807900;  -3059.8132684600
389;514;  -3057.6242075300;  -3057.6242075300;  -3059.8139125400
390;516;  -3057.5896010100;  -3057.5896010100;  -3059.7593970800
391;517;  -3057.3737200800;  -3057.3737200800;  -3059.8413458100
392;518;  -3057.6350940300;  -3057.6350940300;  -3059.6878630500
393;520;  -3057.5681886000;  -3057.5681886000;  -3059.7644551900
394;521;  -3057.7233158600;  -3057.7233158600;  -3059.7920813100
395;522;  -3057.2427751100;  -3057.2427751100;  -3059.7637599500
396;524;  -3057.6806356100;  -3057.6806356100;  -3059.8529998500
397;525;  -3057.6229952600;  -3057.6229952600;  -3059.8122122500
398;526;  -3057.6720892300;  -3057.6720892300;  -3059.8830873000
399;529;  -3057.6320914400;  -3057.6320914400;  -3059.8594616300
400;531;  -3057.4530149400;  -3057.4530149400;  -3059.6967076000
401;533;  -3057.3302838300;  -3057.3302838300;  -3059.7918020500
402;536;  -3057.5509282000;  -3057.5509282000;  -3059.7355408100
403;539;  -3057.7498329200;  -3057.7498329200;  -3059.8718665000
404;541;  -3057.5204460600;  -3057.5204460600;  -3059.7892371900
405;546;  -3057.6917989900;  -3057.6917989900;  -3059.8596808100
406;547;  -3057.4318252500;  -3057.4318252500;  -3059.7998824500
407;548;  -3057.3382521200;  -3057.3382521200;  -3059.7326966900
408;550;  -3057.4763228500;  -3057.4763228500;  -3059.7519380500
409;551;  -3057.3626748400;  -3057.3626748400;  -3059.6944449000
410;552;  -3057.7498134300;  -3057.7498134300;  -3059.8835370800
411;553;  -3057.6589105600;  -3057.6589105600;  -3059.7760015600
412;557;  -3057.8249129000;  -3057.8249129000;  -3059.8746047900
413;558;  -3057.5554724400;  -3057.5554724400;  -3059.7658920100
414;559;  -3057.3994239000;  -3057.3994239000;  -3059.6095713700
415;560;  -3058.1606101800;  -3058.1606101800;  -3059.8084311500
416;561;  -3057.2666838900;  -3057.2666838900;  -3059.7864009800
417;562;  -3057.6766910200;  -3057.6766910200;  -3059.7705887300
418;563;  -3057.4800127100;  -3057.4800127100;  -3059.6563709700
419;564;  -3057.3385000000;  -3057.3385000000;  -3059.6998997100
420;565;  -3057.8307816600;  -3057.8307816600;  -3059.8522751800
421;567;  -3057.8009833800;  -3057.8009833800;  -3059.7987443700
422;568;  -3057.5355610300;  -3057.5355610300;  -3059.8445376500
423;570;  -3057.6074027500;  -3057.6074027500;  -3059.7188397600
424;571;  -3057.3911853000;  -3057.3911853000;  -3059.6841700500
425;573;  -3057.4077788200;  -3057.4077788200;  -3059.7494811800
426;575;  -3057.2529225600;  -3057.2529225600;  -3059.7105525800
427;576;  -3057.7392937000;  -3057.7392937000;  -3059.8145445500
428;578;  -3057.5684643400;  -3057.5684643400;  -3059.7812101000
429;580;  -3057.7558579500;  -3057.7558579500;  -3059.7820373200
430;583;  -3057.4159751400;  -3057.4159751400;  -3059.5795631300
431;584;  -3057.4871138700;  -3057.4871138700;  -3059.7533171700
432;585;  -3057.7820818300;  -3057.7820818300;  -3059.8131082400
433;587;  -3057.5711698800;  -3057.5711698800;  -3059.8044189500
434;589;  -3057.1608220700;  -3057.1608220700;  -3059.6816382000
435;590;  -3057.2892799800;  -3057.2892799800;  -3059.6921633900
436;591;  -3057.6619940300;  -3057.6619940300;  -3059.8729705700
437;592;  -3057.4229387900;  -3057.4229387900;  -3059.6558769000
438;594;  -3057.7418132500;  -3057.7418132500;  -3059.8194908100
439;596;  -3057.7196235700;  -3057.7196235700;  -3059.7929064600
440;597;  -3057.6939776500;  -3057.6939776500;  -3059.8543482800
441;600;  -3057.6444245400;  -3057.6444245400;  -3059.7321105100
442;601;  -3057.4644653900;  -3057.4644653900;  -3059.8608280700
443;602;  -3057.4859773000;  -3057.4859773000;  -3059.7913783300
444;603;  -3057.5100696500;  -3057.5100696500;  -3059.8724806400
445;604;  -3057.7989094500;  -3057.7989094500;  -3059.7846835900
446;605;  -3057.4137360100;  -3057.4137360100;  -3059.8216684200
447;607;  -3057.5079067400;  -3057.5079067400;  -3059.6997428300
448;609;  -3057.6850449900;  -3057.6850449900;  -3059.7713532200
449;610;  -3057.3939859600;  -3057.3939859600;  -3059.7743268000
450;611;  -3057.4084011700;  -3057.4084011700;  -3059.7725314500
451;612;  -3057.3593119100;  -3057.3593119100;  -3059.6900947900
452;614;  -3057.4136966900;  -3057.4136966900;  -3059.5844873000
453;615;  -3057.7200038000;  -3057.7200038000;  -3059.8363678700
454;617;  -3057.6022138300;  -3057.6022138300;  -3059.7782931100
455;618;  -3057.3006732400;  -3057.3006732400;  -3059.6599751000
456;620;  -3057.5094920000;  -3057.5094920000;  -3059.7274510800
457;621;  -3057.6061621900;  -3057.6061621900;  -3059.7964656200
458;622;  -3057.6457323100;  -3057.6457323100;  -3059.8238751200
459;624;  -3057.1930431900;  -3057.1930431900;  -3059.6501862700
460;627;  -3057.6613137300;  -3057.6613137300;  -3059.7667551800
461;629;  -3057.4496379600;  -3057.4496379600;  -3059.7124096600
462;630;  -3057.6076900200;  -3057.6076900200;  -3059.7710532200
463;632;  -3057.3541889800;  -3057.3541889800;  -3059.6225828100
464;636;  -3057.3728442500;  -3057.3728442500;  -3059.6289425300
465;637;  -3057.7146301900;  -3057.7146301900;  -3059.8581894300
466;639;  -3057.5461863200;  -3057.5461863200;  -3059.8371320200
467;641;  -3057.7855331400;  -3057.7855331400;  -3059.8624040600
468;642;  -3057.2942905000;  -3057.2942905000;  -3059.8012729300
469;643;  -3057.6765791300;  -3057.6765791300;  -3059.7572924400
470;645;  -3057.6886301900;  -3057.6886301900;  -3059.8141978700
471;647;  -3057.5735422200;  -3057.5735422200;  -3059.8121143300
472;648;  -3057.5833145900;  -3057.5833145900;  -3059.8524726300
473;649;  -3057.4605447100;  -3057.4605447100;  -3059.6285231700
474;650;  -3057.6800468500;  -3057.6800468500;  -3059.7397742200
475;651;  -3057.7724347900;  -3057.7724347900;  -3059.8248189700
476;652;  -3057.7619929600;  -3057.7619929600;  -3059.7132632300
477;653;  -3057.6477256800;  -3057.6477256800;  -3059.8700682900
478;655;  -3057.5041082500;  -3057.5041082500;  -3059.6892191900
479;656;  -3057.4419733000;  -3057.4419733000;  -3059.7430532800
480;657;  -3057.6766805600;  -3057.6766805600;  -3059.8431164800
481;658;  -3057.5665491400;  -3057.5665491400;  -3059.7998438500
482;659;  -3057.4154653600;  -3057.4154653600;  -3059.7536197900
483;661;  -3057.8128160500;  -3057.8128160500;  -3059.8242667400
484;666;  -3057.3494157600;  -3057.3494157600;  -3059.7107992700
485;667;  -3057.4520423500;  -3057.4520423500;  -3059.8491164300
486;669;  -3057.6782123200;  -3057.6782123200;  -3059.8543482800
487;670;  -3057.7825536300;  -3057.7825536300;  -3059.8669405600
488;671;  -3057.5170203100;  -3057.5170203100;  -3059.6187276800
489;672;  -3057.3835547100;  -3057.3835547100;  -3059.7180188400
490;673;  -3057.3754900400;  -3057.3754900400;  -3059.7179582100
491;674;  -3057.4868002400;  -3057.4868002400;  -3059.8445799300
492;676;  -3057.3926112200;  -3057.3926112200;  -3059.7596641200
493;677;  -3057.4395767900;  -3057.4395767900;  -3059.6558769000
494;681;  -3057.3853127900;  -3057.3853127900;  -3059.7630626000
495;684;  -3057.5245664000;  -3057.5245664000;  -3059.7877275200
496;686;  -3057.7413086200;  -3057.7413086200;  -3059.7920219900
497;689;  -3057.4910711500;  -3057.4910711500;  -3059.8410175700
498;691;  -3057.4666809700;  -3057.4666809700;  -3059.8084311500
499;694;  -3057.3227342600;  -3057.3227342600;  -3059.6730304900
500;699;  -3057.6512720700;  -3057.6512720700;  -3059.8455652100
501;700;  -3057.5974570300;  -3057.5974570300;  -3059.7524855200
502;702;  -3057.2433122300;  -3057.2433122300;  -3059.7416186800
503;705;  -3057.4160066300;  -3057.4160066300;  -3059.8061946400
504;706;  -3057.4452249900;  -3057.4452249900;  -3059.6831740400
505;707;  -3057.5903275600;  -3057.5903275600;  -3059.7649724700
506;714;  -3057.4225103700;  -3057.4225103700;  -3059.8005969700
507;715;  -3057.6606777100;  -3057.6606777100;  -3059.8571772600
508;716;  -3057.5978253600;  -3057.5978253600;  -3059.8279175500
509;722;  -3057.5853978400;  -3057.5853978400;  -3059.6858478500
510;723;  -3057.7636153300;  -3057.7636153300;  -3059.8594616300
511;724;  -3057.7155599300;  -3057.7155599300;  -3059.8331668400
512;726;  -3057.7243874700;  -3057.7243874700;  -3059.7765506700
513;730;  -3057.5928968400;  -3057.5928968400;  -3059.8068328500
514;731;  -3057.4250865600;  -3057.4250865600;  -3059.6351203600
515;734;  -3057.6563144900;  -3057.6563144900;  -3059.8413182700
516;737;  -3057.6396533300;  -3057.6396533300;  -3059.8483031300
517;738;  -3057.6748383600;  -3057.6748383600;  -3059.6858389300
518;739;  -3057.6028719300;  -3057.6028719300;  -3059.8408643500
519;742;  -3057.3319969700;  -3057.3319969700;  -3059.7494502900
520;743;  -3057.6242317800;  -3057.6242317800;  -3059.8039044000
521;745;  -3057.6111502400;  -3057.6111502400;  -3059.8179320300
522;749;  -3057.5916670000;  -3057.5916670000;  -3059.8588696400
523;752;  -3057.2840474900;  -3057.2840474900;  -3059.6415969100
524;757;  -3057.3236152200;  -3057.3236152200;  -3059.7784160400
525;761;  -3057.4520545800;  -3057.4520545800;  -3059.6704317500
526;762;  -3057.5325460600;  -3057.5325460600;  -3059.8176180800
527;763;  -3057.5092372400;  -3057.5092372400;  -3059.7359413500
528;766;  -3057.3573621600;  -3057.3573621600;  -3059.7086675500
529;767;  -3057.6066712400;  -3057.6066712400;  -3059.8265696500
530;772;  -3057.5865377400;  -3057.5865377400;  -3059.7822663100
531;775;  -3057.6240995900;  -3057.6240995900;  -3059.8741508700
532;776;  -3057.4711886100;  -3057.4711886100;  -3059.6336619600
533;778;  -3057.4666693200;  -3057.4666693200;  -3059.7525763500
534;780;  -3057.7106921600;  -3057.7106921600;  -3059.7511920500
535;781;  -3057.3546797100;  -3057.3546797100;  -3059.7507077900
536;783;  -3057.5882565400;  -3057.5882565400;  -3059.7992076800
537;786;  -3056.4181107400;  -3056.4181107400;  -3059.5403690100
538;787;  -3057.3531953900;  -3057.3531953900;  -3059.6928368500
539;789;  -3057.4353129500;  -3057.4353129500;  -3059.8232686900
540;790;  -3057.6792249900;  -3057.6792249900;  -3059.7572924400
541;795;  -3057.6377608100;  -3057.6377608100;  -3059.8367817700
542;800;  -3057.5871183000;  -3057.5871183000;  -3059.5592926400
543;801;  -3057.5304460800;  -3057.5304460800;  -3059.7581134200
544;803;  -3057.3621855600;  -3057.3621855600;  -3059.5955105900
545;805;  -3057.4200337500;  -3057.4200337500;  -3059.8093906200
546;808;  -3057.4006379100;  -3057.4006379100;  -3059.6923372000
547;814;  -3057.5476467300;  -3057.5476467300;  -3059.6710785600
548;815;  -3057.3703171400;  -3057.3703171400;  -3059.7292061000
549;816;  -3057.5284480600;  -3057.5284480600;  -3059.7378183100
550;818;  -3057.5496042600;  -3057.5496042600;  -3059.8132757500
551;823;  -3057.6124595900;  -3057.6124595900;  -3059.8188165000
552;828;  -3057.3351023500;  -3057.3351023500;  -3059.7383473000
553;837;  -3057.5320283400;  -3057.5320283400;  -3059.7553738200
554;840;  -3057.6382287400;  -3057.6382287400;  -3059.7019238300
555;841;  -3057.7726577100;  -3057.7726577100;  -3059.7679765400
556;844;  -3057.2215047300;  -3057.2215047300;  -3059.5570760600
557;845;  -3057.4516193400;  -3057.4516193400;  -3059.6597878000
558;851;  -3057.3951797200;  -3057.3951797200;  -3059.6443663200
559;853;  -3057.7801005600;  -3057.7801005600;  -3059.7105211700
560;857;  -3057.6899692700;  -3057.6899692700;  -3059.6757352600
561;859;  -3057.7856800700;  -3057.7856800700;  -3059.8625982300
562;860;  -3057.3626538400;  -3057.3626538400;  -3059.7027527500
563;862;  -3057.5306664400;  -3057.5306664400;  -3059.8853352900
564;863;  -3057.4750246800;  -3057.4750246800;  -3059.6779873900
565;864;  -3057.2911111900;  -3057.2911111900;  -3059.6699376800
566;865;  -3057.6579557000;  -3057.6579557000;  -3059.7185642200
567;868;  -3057.3578007600;  -3057.3578007600;  -3059.8123351800
568;874;  -3057.4703935500;  -3057.4703935500;  -3059.6597878000
569;877;  -3057.6577107100;  -3057.6577107100;  -3059.8481303000
570;878;  -3057.4841143300;  -3057.4841143300;  -3059.7729853700
571;880;  -3057.3567149600;  -3057.3567149600;  -3059.7044451300
572;882;  -3057.5312839100;  -3057.5312839100;  -3059.7476362900
573;883;  -3057.7202731200;  -3057.7202731200;  -3059.7713421300
574;886;  -3057.4724510200;  -3057.4724510200;  -3059.7011888600
575;887;  -3057.5664621000;  -3057.5664621000;  -3059.8655317900
576;888;  -3057.3448803300;  -3057.3448803300;  -3059.7655797400
577;891;  -3057.6726311600;  -3057.6726311600;  -3059.8027096600
578;892;  -3057.5020946000;  -3057.5020946000;  -3059.7259889800
579;894;  -3057.5758250800;  -3057.5758250800;  -3059.6997793000
580;897;  -3057.6709698100;  -3057.6709698100;  -3059.7759369300
581;900;  -3057.6826835200;  -3057.6826835200;  -3059.8729705700
582;901;  -3057.6195010100;  -3057.6195010100;  -3059.8226918400
583;907;  -3057.7409309700;  -3057.7409309700;  -3059.8057026100
584;908;  -3057.5752890000;  -3057.5752890000;  -3059.7264471700
585;909;  -3057.4969344200;  -3057.4969344200;  -3059.7536570800
586;910;  -3057.4168330100;  -3057.4168330100;  -3059.7672948300
587;917;  -3057.4845867700;  -3057.4845867700;  -3059.7491959900
588;918;  -3057.6361672600;  -3057.6361672600;  -3059.7578536700
589;919;  -3057.5877872200;  -3057.5877872200;  -3059.7276905800
590;920;  -3057.5522378100;  -3057.5522378100;  -3059.8181553400
591;921;  -3057.6149166700;  -3057.6149166700;  -3059.8298009100
592;922;  -3057.7340209900;  -3057.7340209900;  -3059.7767652900
593;923;  -3057.7657579000;  -3057.7657579000;  -3059.8396217500
594;924;  -3057.7233798800;  -3057.7233798800;  -3059.7821793900
595;927;  -3057.3435704400;  -3057.3435704400;  -3059.6705817600
596;931;  -3057.0350693300;  -3057.0350693300;  -3059.6816382000
597;935;  -3057.6692207900;  -3057.6692207900;  -3059.8589097900
598;937;  -3057.5785262100;  -3057.5785262100;  -3059.7891778700
599;938;  -3057.5893630400;  -3057.5893630400;  -3059.8486825300
600;941;  -3057.4362111700;  -3057.4362111700;  -3059.6382234700
601;946;  -3057.4444564900;  -3057.4444564900;  -3059.6704317500
602;948;  -3057.1701616700;  -3057.1701616700;  -3059.5464694000
603;949;  -3057.4968238900;  -3057.4968238900;  -3059.8357108500
604;950;  -3057.7632696500;  -3057.7632696500;  -3059.8317084400
605;954;  -3057.1628268200;  -3057.1628268200;  -3059.5690788800
606;955;  -3057.6974663900;  -3057.6974663900;  -3059.7432316600
607;961;  -3057.7048031700;  -3057.7048031700;  -3059.7389630500
608;962;  -3057.5484191800;  -3057.5484191800;  -3059.8416353700
609;963;  -3057.5210943900;  -3057.5210943900;  -3059.7796811300
610;967;  -3057.2858801100;  -3057.2858801100;  -3059.6948140000
611;969;  -3057.5825375500;  -3057.5825375500;  -3059.8136677600
612;970;  -3057.7077049900;  -3057.7077049900;  -3059.8946488100
613;972;  -3057.2387225800;  -3057.2387225800;  -3059.7138400800
614;974;  -3057.5700973100;  -3057.5700973100;  -3059.7501161400
615;975;  -3057.4960074500;  -3057.4960074500;  -3059.8514640100
616;976;  -3057.4664267600;  -3057.4664267600;  -3059.7598137100
617;982;  -3057.6519452400;  -3057.6519452400;  -3059.8456734300
618;984;  -3057.6942241800;  -3057.6942241800;  -3059.8131561000
619;985;  -3057.3550114000;  -3057.3550114000;  -3059.8467672900
620;991;  -3056.2729515100;  -3056.2729515100;  -3059.5032046800
621;996;  -3057.4451656100;  -3057.4451656100;  -3059.6609837200
622;1005;  -3057.5754154600;  -3057.5754154600;  -3059.7961668700
623;1006;  -3057.6746337700;  -3057.6746337700;  -3059.8039629000
624;1017;  -3057.4368523300;  -3057.4368523300;  -3059.8482905200
625;1018;  -3057.5494581700;  -3057.5494581700;  -3059.7964216700
626;1026;  -3057.8020050800;  -3057.8020050800;  -3059.8510549800
627;1029;  -3057.6935820500;  -3057.6935820500;  -3059.8530790600
628;1030;  -3057.2550659700;  -3057.2550659700;  -3059.6095713700
629;1032;  -3057.5627501200;  -3057.5627501200;  -3059.8125641100
630;1037;  -3057.2820452900;  -3057.2820452900;  -3059.6239309000
631;1039;  -3057.6739575000;  -3057.6739575000;  -3059.7627388400
632;1040;  -3057.2033983100;  -3057.2033983100;  -3059.6935650000
633;1042;  -3057.6957393400;  -3057.6957393400;  -3059.8117004300
634;1045;  -3057.7301444700;  -3057.7301444700;  -3059.8362076500
635;1048;  -3057.3377182600;  -3057.3377182600;  -3059.5702821900
636;1049;  -3057.7729748300;  -3057.7729748300;  -3059.8612598400
637;1051;  -3057.4646694100;  -3057.4646694100;  -3059.7123076000
638;1052;  -3057.6116642600;  -3057.6116642600;  -3059.8369718000
639;1054;  -3057.3700020400;  -3057.3700020400;  -3059.6303055400
640;1059;  -3057.4383850800;  -3057.4383850800;  -3059.7051915300
641;1060;  -3057.2128995600;  -3057.2128995600;  -3059.5744243400
642;1063;  -3058.0346798600;  -3058.0346798600;  -3059.7006883900
643;1065;  -3057.1480685200;  -3057.1480685200;  -3059.6395796100
644;1066;  -3057.7095295800;  -3057.7095295800;  -3059.8133204600
645;1069;  -3057.7033099800;  -3057.7033099800;  -3059.8663359600
646;1071;  -3057.5342888500;  -3057.5342888500;  -3059.7454965200
647;1073;  -3057.7113453700;  -3057.7113453700;  -3059.8277072700
648;1074;  -3057.6422594800;  -3057.6422594800;  -3059.8375637900
649;1075;  -3057.5178005800;  -3057.5178005800;  -3059.7359413500
650;1079;  -3057.5408685800;  -3057.5408685800;  -3059.7541470100
651;1081;  -3057.3891906000;  -3057.3891906000;  -3059.7222051500
652;1085;  -3057.5046949900;  -3057.5046949900;  -3059.7307928400
653;1091;  -3057.4501723100;  -3057.4501723100;  -3059.6831740400
654;1093;  -3057.5168726200;  -3057.5168726200;  -3059.8634738300
655;1095;  -3057.4772965400;  -3057.4772965400;  -3059.7259115400
656;1096;  -3057.5111640400;  -3057.5111640400;  -3059.7196577800
657;1099;  -3057.8186160200;  -3057.8186160200;  -3059.7907458400
658;1102;  -3057.2734165800;  -3057.2734165800;  -3059.6266729600
659;1106;  -3057.4525529900;  -3057.4525529900;  -3059.7893897000
660;1113;  -3057.2491930200;  -3057.2491930200;  -3059.6259686100
661;1119;  -3057.3784886100;  -3057.3784886100;  -3059.6243810200
662;1121;  -3057.7946674700;  -3057.7946674700;  -3059.8478132000
663;1122;  -3057.2587766400;  -3057.2587766400;  -3059.6612113000
664;1123;  -3057.5403456400;  -3057.5403456400;  -3059.7411241900
665;1127;  -3057.5746062300;  -3057.5746062300;  -3059.6675879700
666;1130;  -3057.4868802700;  -3057.4868802700;  -3059.7654195200
667;1131;  -3057.4822126200;  -3057.4822126200;  -3059.8384766800
668;1132;  -3057.4615487800;  -3057.4615487800;  -3059.6563709700
669;1137;  -3057.5271857100;  -3057.5271857100;  -3059.8304768700
670;1138;  -3057.4659741500;  -3057.4659741500;  -3059.7118507600
671;1143;  -3057.6840105400;  -3057.6840105400;  -3059.7724085200
672;1146;  -3057.6996704600;  -3057.6996704600;  -3059.7511293800
673;1154;  -3057.4471812500;  -3057.4471812500;  -3059.8234289100
674;1155;  -3057.1603208800;  -3057.1603208800;  -3059.5324086200
675;1157;  -3057.5000084600;  -3057.5000084600;  -3059.7891634300
676;1158;  -3057.4356744700;  -3057.4356744700;  -3059.8495331200
677;1159;  -3057.1795248100;  -3057.1795248100;  -3059.5298612500
678;1163;  -3057.7266487900;  -3057.7266487900;  -3059.8059114900
679;1172;  -3057.7394548400;  -3057.7394548400;  -3059.7889488800
680;1176;  -3057.2608327700;  -3057.2608327700;  -3059.6267249600
681;1183;  -3057.4642508800;  -3057.4642508800;  -3059.6814258900
682;1187;  -3057.3831161800;  -3057.3831161800;  -3059.5924697800
683;1188;  -3057.4285478000;  -3057.4285478000;  -3059.6559289000
684;1190;  -3057.4154934000;  -3057.4154934000;  -3059.8579659400
685;1193;  -3057.5687208300;  -3057.5687208300;  -3059.7709475900
686;1194;  -3057.4438683500;  -3057.4438683500;  -3059.8047762000
687;1195;  -3057.5207633000;  -3057.5207633000;  -3059.7814292800
688;1204;  -3057.5779127900;  -3057.5779127900;  -3059.7914226200
689;1206;  -3057.4252229100;  -3057.4252229100;  -3059.6536472600
690;1210;  -3057.4966000300;  -3057.4966000300;  -3059.7289523500
691;1216;  -3057.6289445200;  -3057.6289445200;  -3059.7952230200
692;1219;  -3057.7024497600;  -3057.7024497600;  -3059.7644416600
693;1228;  -3057.3560628100;  -3057.3560628100;  -3059.6588860000
694;1230;  -3057.4611018300;  -3057.4611018300;  -3059.6757352600
695;1234;  -3057.6539935300;  -3057.6539935300;  -3059.8337707700
696;1240;  -3057.6949846400;  -3057.6949846400;  -3059.7861760600
697;1243;  -3057.4601296200;  -3057.4601296200;  -3059.7092044900
698;1245;  -3057.4380756700;  -3057.4380756700;  -3059.8445376500
699;1248;  -3057.0909932900;  -3057.0909932900;  -3059.6061504000
700;1250;  -3057.5073292000;  -3057.5073292000;  -3059.7841713400
701;1251;  -3057.5016193400;  -3057.5016193400;  -3059.7119282000
702;1256;  -3057.5845951400;  -3057.5845951400;  -3059.7835944900
703;1261;  -3057.6874912700;  -3057.6874912700;  -3059.7652528300
704;1263;  -3057.4409359200;  -3057.4409359200;  -3059.7213661200
705;1269;  -3057.6012649200;  -3057.6012649200;  -3059.7705555800
706;1270;  -3057.7231350200;  -3057.7231350200;  -3059.8179320300
707;1273;  -3057.6566272200;  -3057.6566272200;  -3059.8228562000
708;1277;  -3057.4161918300;  -3057.4161918300;  -3059.7677114600
709;1279;  -3057.4813982700;  -3057.4813982700;  -3059.7256089200
710;1280;  -3057.4106011900;  -3057.4106011900;  -3059.7849235500
711;1283;  -3057.7396573000;  -3057.7396573000;  -3059.8428269200
712;1295;  -3057.4686018700;  -3057.4686018700;  -3059.8154201500
713;1298;  -3057.3396228800;  -3057.3396228800;  -3059.7338926100
714;1301;  -3057.4011896000;  -3057.4011896000;  -3059.6910316400
715;1310;  -3057.2947450300;  -3057.2947450300;  -3059.6453973100
716;1311;  -3057.4429839200;  -3057.4429839200;  -3059.6689441100
717;1312;  -3057.5982890700;  -3057.5982890700;  -3059.6897006500
718;1314;  -3057.5737100900;  -3057.5737100900;  -3059.8806679500
719;1317;  -3057.6126566100;  -3057.6126566100;  -3059.8149543100
720;1324;  -3057.7481363900;  -3057.7481363900;  -3059.8285718400
721;1325;  -3057.4426414900;  -3057.4426414900;  -3059.7327277200
722;1326;  -3057.7841895100;  -3057.7841895100;  -3059.8313540500
723;1336;  -3057.5894345500;  -3057.5894345500;  -3059.7927459000
724;1343;  -3057.3363387500;  -3057.3363387500;  -3059.6758996200
725;1345;  -3057.6580414700;  -3057.6580414700;  -3059.7834953800
726;1346;  -3057.7914732900;  -3057.7914732900;  -3059.8290659100
727;1347;  -3057.3223268300;  -3057.3223268300;  -3059.5096996100
728;1350;  -3057.6206430600;  -3057.6206430600;  -3059.8125088700
729;1356;  -3057.2919312000;  -3057.2919312000;  -3059.6459143200
730;1359;  -3057.1071598700;  -3057.1071598700;  -3059.5721575000
731;1362;  -3057.4564505100;  -3057.4564505100;  -3059.8275156300
732;1375;  -3057.7185126600;  -3057.7185126600;  -3059.8191060600
733;1389;  -3057.6013944300;  -3057.6013944300;  -3059.7944634300
734;1393;  -3057.6863987200;  -3057.6863987200;  -3059.7992555400
735;1398;  -3057.6545341600;  -3057.6545341600;  -3059.7900869600
736;1399;  -3057.3901768400;  -3057.3901768400;  -3059.6395864800
737;1400;  -3057.5055382100;  -3057.5055382100;  -3059.7621256200
738;1401;  -3057.3993737900;  -3057.3993737900;  -3059.7978244900
739;1402;  -3057.4996087900;  -3057.4996087900;  -3059.7636487800
740;1407;  -3057.4827032700;  -3057.4827032700;  -3059.8458823100
741;1422;  -3057.6501037000;  -3057.6501037000;  -3059.8249168900
742;1429;  -3057.7511408100;  -3057.7511408100;  -3059.8231457600
743;1431;  -3057.5868144500;  -3057.5868144500;  -3059.7552988800
744;1439;  -3057.5421446400;  -3057.5421446400;  -3059.8125641100
745;1440;  -3057.4257596900;  -3057.4257596900;  -3059.7858216700
746;1442;  -3057.2366839900;  -3057.2366839900;  -3059.6780295100
747;1449;  -3057.8091632400;  -3057.8091632400;  -3059.8372466900
748;1452;  -3057.6312385000;  -3057.6312385000;  -3059.8210059900
749;1454;  -3057.6207409500;  -3057.6207409500;  -3059.8145695600
750;1460;  -3057.5474531200;  -3057.5474531200;  -3059.6430807500
751;1464;  -3057.4778995700;  -3057.4778995700;  -3059.7353543500
752;1468;  -3057.3366187600;  -3057.3366187600;  -3059.7307313900
753;1476;  -3057.8941385900;  -3057.8941385900;  -3059.8232515900
754;1485;  -3057.6421053600;  -3057.6421053600;  -3059.7987910500
755;1490;  -3057.6112267600;  -3057.6112267600;  -3059.8067735300
756;1497;  -3057.2351730100;  -3057.2351730100;  -3059.8175633500
757;1502;  -3057.5558300700;  -3057.5558300700;  -3059.7939668300
758;1506;  -3057.7711177000;  -3057.7711177000;  -3059.7609875400
759;1507;  -3057.4782027700;  -3057.4782027700;  -3059.8279175500
760;1512;  -3057.5464984000;  -3057.5464984000;  -3059.7707603200
761;1532;  -3057.5085721200;  -3057.5085721200;  -3059.8682337000
762;1534;  -3056.3244597300;  -3056.3244597300;  -3059.5635709900
763;1537;  -3057.6237336300;  -3057.6237336300;  -3059.7488972400
764;1550;  -3057.6402437100;  -3057.6402437100;  -3059.7423433500
765;1561;  -3057.4011423400;  -3057.4011423400;  -3059.6708556700
766;1564;  -3057.4762595700;  -3057.4762595700;  -3059.7494502900
767;1578;  -3057.3315647800;  -3057.3315647800;  -3059.6898269300
768;1585;  -3057.6120484600;  -3057.6120484600;  -3059.8424724000
769;1589;  -3057.5390237200;  -3057.5390237200;  -3059.7323795900
770;1600;  -3057.5793560500;  -3057.5793560500;  -3059.7714400500
771;1601;  -3057.4667301300;  -3057.4667301300;  -3059.7310120200
772;1604;  -3057.6178548700;  -3057.6178548700;  -3059.8257211900
773;1609;  -3057.4765637300;  -3057.4765637300;  -3059.8022963500
774;1626;  -3057.3749709500;  -3057.3749709500;  -3059.8509769400
775;1629;  -3057.6235222500;  -3057.6235222500;  -3059.7535018500
776;1641;  -3057.3284547500;  -3057.3284547500;  -3059.7119155900
777;1647;  -3057.6468282000;  -3057.6468282000;  -3059.8284116200
778;1651;  -3057.6412892200;  -3057.6412892200;  -3059.8455610700
779;1652;  -3057.3936848700;  -3057.3936848700;  -3059.8125916500
780;1676;  -3057.6584873700;  -3057.6584873700;  -3059.8549251300
781;1682;  -3057.6350063500;  -3057.6350063500;  -3059.8558288300
782;1697;  -3057.4656332700;  -3057.4656332700;  -3059.7448232000
783;1699;  -3057.7254987400;  -3057.7254987400;  -3059.7750483200
784;1721;  -3057.5841676300;  -3057.5841676300;  -3059.8788403600
785;1734;  -3057.4523665800;  -3057.4523665800;  -3059.7413847900
786;1738;  -3057.6064109500;  -3057.6064109500;  -3059.7138935000
787;1743;  -3057.7637229100;  -3057.7637229100;  -3059.8354484800
788;1746;  -3057.5532323600;  -3057.5532323600;  -3059.8696143700
789;1755;  -3057.3730479400;  -3057.3730479400;  -3059.6016260900
790;1760;  -3057.4343307000;  -3057.4343307000;  -3059.6623865400
791;1766;  -3057.6019068600;  -3057.6019068600;  -3059.7524855200
792;1768;  -3057.3920732000;  -3057.3920732000;  -3059.7709828400
793;1789;  -3057.5698165200;  -3057.5698165200;  -3059.8231733000
794;1794;  -3057.4723920200;  -3057.4723920200;  -3059.8189263600
795;1796;  -3057.4018848100;  -3057.4018848100;  -3059.6318637500
796;1824;  -3057.7014941600;  -3057.7014941600;  -3059.7941490600
797;1827;  -3057.3420646700;  -3057.3420646700;  -3059.7644256100
798;1830;  -3057.6909795200;  -3057.6909795200;  -3059.7992555400
799;1832;  -3057.2411065500;  -3057.2411065500;  -3059.8002368400
800;1838;  -3057.3764649900;  -3057.3764649900;  -3059.7368698700
801;1840;  -3057.5035746600;  -3057.5035746600;  -3059.6985897800
802;1861;  -3057.6017113300;  -3057.6017113300;  -3059.7952823400
803;1870;  -3057.6272212900;  -3057.6272212900;  -3059.8256695600
804;1877;  -3057.7121903500;  -3057.7121903500;  -3059.7680877200
805;1888;  -3057.5654304500;  -3057.5654304500;  -3059.8655317900
806;1891;  -3057.4676003800;  -3057.4676003800;  -3059.8908431800
807;1894;  -3057.3002972700;  -3057.3002972700;  -3059.6293343400
808;1908;  -3057.2820772300;  -3057.2820772300;  -3059.6340785900
809;1915;  -3057.3397903100;  -3057.3397903100;  -3059.6887136100
810;1921;  -3057.6597904100;  -3057.6597904100;  -3059.8052301200
811;1930;  -3057.5087758400;  -3057.5087758400;  -3059.7957206600
812;1950;  -3057.6169029400;  -3057.6169029400;  -3059.7961668700
813;1951;  -3057.5275292000;  -3057.5275292000;  -3059.7848211000
814;1954;  -3057.5242157500;  -3057.5242157500;  -3059.7357010300
815;1955;  -3057.3762160100;  -3057.3762160100;  -3059.7298808700
816;1956;  -3057.6142366400;  -3057.6142366400;  -3059.8553790500
817;1961;  -3057.4557573100;  -3057.4557573100;  -3059.7907831300
818;1969;  -3057.4223770900;  -3057.4223770900;  -3059.6910569900
819;1970;  -3057.4758851800;  -3057.4758851800;  -3059.7998824500
820;1979;  -3057.6728094200;  -3057.6728094200;  -3059.7793200800
821;1987;  -3057.1199308000;  -3057.1199308000;  -3059.5365164000
822;2000;  -3057.6022777700;  -3057.6022777700;  -3059.8082098400
823;2006;  -3057.6979899900;  -3057.6979899900;  -3059.7838567700
824;2021;  -3057.6719375700;  -3057.6719375700;  -3059.7909010100
825;2022;  -3057.3699527700;  -3057.3699527700;  -3059.8107311400
826;2032;  -3057.4700884000;  -3057.4700884000;  -3059.7737566100
827;2038;  -3057.0527957000;  -3057.0527957000;  -3059.6858851400
828;2039;  -3057.6644554000;  -3057.6644554000;  -3059.7619471800
829;2046;  -3057.2922170100;  -3057.2922170100;  -3059.7106165300
830;2093;  -3057.2627788800;  -3057.2627788800;  -3059.6317239800
831;2105;  -3057.4686096600;  -3057.4686096600;  -3059.7114341300
832;2138;  -3057.6580598400;  -3057.6580598400;  -3059.7859768400
833;2143;  -3057.4836060100;  -3057.4836060100;  -3059.7654195200
834;2151;  -3057.5281164100;  -3057.5281164100;  -3059.8404259200
835;2172;  -3057.5527259300;  -3057.5527259300;  -3059.7642208700
836;2174;  -3057.5887723500;  -3057.5887723500;  -3059.7863488900
837;2183;  -3057.2294086900;  -3057.2294086900;  -3059.6344476900
838;2200;  -3057.3813834700;  -3057.3813834700;  -3059.7179582100
839;2207;  -3057.5197398400;  -3057.5197398400;  -3059.7537710900
840;2208;  -3057.5793944300;  -3057.5793944300;  -3059.7785159700
841;2211;  -3057.7150866400;  -3057.7150866400;  -3059.8289421000
842;2218;  -3057.3578937600;  -3057.3578937600;  -3059.7361015700
843;2249;  -3057.5676620700;  -3057.5676620700;  -3059.6699376800
844;2282;  -3057.4136242700;  -3057.4136242700;  -3059.7726208300
845;2286;  -3056.3965424500;  -3056.3965424500;  -3059.4838362500
846;2295;  -3057.7697045800;  -3057.7697045800;  -3059.8271690200
847;2303;  -3057.3287677400;  -3057.3287677400;  -3059.5513276600
848;2309;  -3057.5955023500;  -3057.5955023500;  -3059.8039629000
849;2327;  -3057.3313814500;  -3057.3313814500;  -3059.8004617600
850;2336;  -3057.5266379900;  -3057.5266379900;  -3059.7971612000
851;2339;  -3057.7352745100;  -3057.7352745100;  -3059.8162927000
852;2373;  -3057.4928898900;  -3057.4928898900;  -3059.7090682900
853;2376;  -3057.5158848000;  -3057.5158848000;  -3059.7834649600
854;2394;  -3057.4558355800;  -3057.4558355800;  -3059.6951437100
855;2400;  -3057.5289523600;  -3057.5289523600;  -3059.7365956400
856;2421;  -3057.4565322100;  -3057.4565322100;  -3059.7264200900
857;2425;  -3057.3575765400;  -3057.3575765400;  -3059.7223150200
858;2439;  -3057.6548397100;  -3057.6548397100;  -3059.7383938500
859;2464;  -3057.7435237800;  -3057.7435237800;  -3059.8776595800
860;2466;  -3057.4079428700;  -3057.4079428700;  -3059.7261698800
861;2467;  -3057.2842400900;  -3057.2842400900;  -3059.7286627900
862;2516;  -3057.6264529800;  -3057.6264529800;  -3059.8122122500
863;2526;  -3057.7382329600;  -3057.7382329600;  -3059.8236673700
864;2573;  -3057.6367065300;  -3057.6367065300;  -3059.8238751200
865;2576;  -3057.4645929500;  -3057.4645929500;  -3059.7479263100
866;2585;  -3057.6160994400;  -3057.6160994400;  -3059.8551443100
867;2591;  -3057.7847130500;  -3057.7847130500;  -3059.8251512100
868;2598;  -3057.3804374200;  -3057.3804374200;  -3059.8418287400
869;2600;  -3057.8355185900;  -3057.8355185900;  -3059.8711245000
870;2616;  -3057.4162408500;  -3057.4162408500;  -3059.7838567700
871;2739;  -3057.7614306000;  -3057.7614306000;  -3059.8057546100
872;2760;  -3057.4963767800;  -3057.4963767800;  -3059.8063888100
873;2767;  -3057.8851351900;  -3057.8851351900;  -3059.8308641200
874;2771;  -3057.3677303900;  -3057.3677303900;  -3059.7544212400
875;2786;  -3057.5010536900;  -3057.5010536900;  -3059.6937807000
876;2806;  -3057.6885294300;  -3057.6885294300;  -3059.7926335400
877;2971;  -3057.5827040500;  -3057.5827040500;  -3059.6850808400
878;2982;  -3057.4065339400;  -3057.4065339400;  -3059.6411253600
879;2987;  -3057.7959532900;  -3057.7959532900;  -3059.8499513300
880;3007;  -3057.5844162400;  -3057.5844162400;  -3059.7820065600
881;3014;  -3057.2957247700;  -3057.2957247700;  -3059.6454304600
882;3050;  -3057.2463124100;  -3057.2463124100;  -3059.6344476900
883;3057;  -3057.6618665900;  -3057.6618665900;  -3059.8114956900
884;3076;  -3057.4825651200;  -3057.4825651200;  -3059.8232686900
885;3091;  -3057.2811301300;  -3057.2811301300;  -3059.7070353400
886;3152;  -3057.7620280600;  -3057.7620280600;  -3059.8608750900
887;3285;  -3057.7818163500;  -3057.7818163500;  -3059.8645271200
888;3308;  -3057.5793969900;  -3057.5793969900;  -3059.8173326600
889;3488;  -3057.3719978900;  -3057.3719978900;  -3059.5807590500
890;3561;  -3057.4529067300;  -3057.4529067300;  -3059.6439387200
891;3649;  -3057.4485004900;  -3057.4485004900;  -3059.7160731800
892;3665;  -3057.3523751600;  -3057.3523751600;  -3059.8249689800
893;3686;  -3057.6879982200;  -3057.6879982200;  -3059.7733689400
894;3720;  -3057.5928163400;  -3057.5928163400;  -3059.8168110500
895;3877;  -3057.5283631900;  -3057.5283631900;  -3059.7537710900
896;3898;  -3057.5883906500;  -3057.5883906500;  -3059.7778370600
897;3908;  -3057.7433094600;  -3057.7433094600;  -3059.7434693200
898;4008;  -3057.5240785000;  -3057.5240785000;  -3059.7555192400
899;4119;  -3057.6030414900;  -3057.6030414900;  -3059.8493839600
900;4268;  -3057.3345668900;  -3057.3345668900;  -3059.7212457100
901;4613;  -3057.5413035400;  -3057.5413035400;  -3059.7653949000
902;4834;  -3057.6974037700;  -3057.6974037700;  -3059.8105048500
903;4860;  -3057.6786744100;  -3057.6786744100;  -3059.7110017100
904;4899;  -3057.4963002800;  -3057.4963002800;  -3059.6920325500
905;4972;  -3057.4160964500;  -3057.4160964500;  -3059.6649311500
906;4985;  -3057.4174002300;  -3057.4174002300;  -3059.7846269300
907;5026;  -3057.5071567000;  -3057.5071567000;  -3059.8093127000
908;5129;  -3057.4848210600;  -3057.4848210600;  -3059.7353064900
909;5158;  -3057.5218095300;  -3057.5218095300;  -3059.8796846800
910;5249;  -3057.6418311800;  -3057.6418311800;  -3059.8426625600
911;6056;  -3057.5709531800;  -3057.5709531800;  -3059.7545687300
912;6479;  -3057.3816648500;  -3057.3816648500;  -3059.6905670600
913;6778;  -3057.4692537500;  -3057.4692537500;  -3059.7291498600
