#step;attempt;energy_eV;energy_low_eV;energy_high_eV
1;0;  -2996.0037596782;  -2983.5324545500;  -2997.6915672900
2;1;  -2990.7135707768;  -2980.4266432300;  -2992.1057550300
3;3;  -2996.5367580743;  -2982.1854150300;  -2998.4790011500
4;7;  -2998.1287667935;  -2981.8649032700;  -3000.3298413700
5;8;  -2998.4812360407;  -2981.3032185000;  -3000.8060279100
6;9;  -2987.8721199269;  -2981.6421008000;  -2988.7152613300
7;10;  -2992.8086853588;  -2980.3823357700;  -2994.4904089000
8;12;  -2995.8846223986;  -2981.0585043800;  -2997.8911192800
9;16;  -2998.6072702533;  -2980.4108421100;  -3001.0698890100
10;17;  -2998.6869834767;  -2979.3017143100;  -3001.3104943700
11;18;  -2999.4303896853;  -2978.5049396700;  -3002.2623413900
12;19;  -3002.8926792891;  -2977.8673662300;  -3006.2794871200
13;21;  -3006.5026948068;  -2980.3036930500;  -3010.0483441301
14;29;  -3007.3925232078;  -2980.0172914600;  -3011.0973579501
15;36;  -3007.6321625742;  -2978.7147067400;  -3011.5457146500
16;48;  -3011.3966925874;  -2979.1193832400;  -3015.7649513901
17;50;  -2991.2075477665;  -2979.1962102600;  -2992.8331055300
18;52;  -2994.4417402439;  -2978.1599247900;  -2996.6452443500
19;55;  -2996.7337279149;  -2979.1990864800;  -2999.1067835800
20;61;  -2999.6705990806;  -2978.0532306500;  -3002.5961917600
21;67;  -3000.4626479115;  -2977.5081449600;  -3003.5692020700
22;69;  -3002.9550349799;  -2979.2987723000;  -3006.1565619900
23;70;  -3004.7319306753;  -2978.9180529400;  -3008.2254591300
24;72;  -3007.1030436485;  -2979.8440150100;  -3010.7921520100
25;96;  -3008.1705127803;  -2981.1666813900;  -3011.8250839500
26;98;  -3016.2868509575;  -2983.4187509600;  -3020.7350645801
27;102;  -3016.2868509575;  -2983.4187509600;  -3020.7350645801
28;105;  -3016.6456321747;  -2985.5625083600;  -3020.8522755401
29;117;  -3023.3797816979;  -2985.8685331100;  -3028.4563771501
30;147;  -2999.5916335395;  -2979.7948344600;  -3002.2708389501
31;150;  -3001.9656522728;  -2980.5428680000;  -3004.8649108501
32;153;  -3004.9999454482;  -2982.7208381100;  -3008.0150947501
33;164;  -3008.6904085062;  -2983.3865642900;  -3012.1149114301
34;168;  -3019.2499597855;  -2985.5230232800;  -3023.8144042901
35;170;  -3019.4160662642;  -2985.9090865800;  -3023.9507428501
36;175;  -3019.4160662642;  -2985.9090865800;  -3023.9507428501
37;199;  -3019.2499597855;  -2985.5230232800;  -3023.8144042901
38;207;  -3019.4160662642;  -2985.9090865800;  -3023.9507428501
39;240;  -3019.2499597855;  -2985.5230232800;  -3023.8144042901
40;289;  -3023.1652744581;  -2986.0691306300;  -3028.1856915901
41;311;  -3023.1652744581;  -2986.0691306300;  -3028.1856915901
42;325;  -3023.3797816979;  -2985.8685331100;  -3028.4563771501
43;327;  -3023.3797816979;  -2985.8685331100;  -3028.4563771501
44;328;  -3023.5433309668;  -2985.7721715100;  -3028.6551015301
45;347;  -3023.1652744581;  -2986.0691306300;  -3028.1856915901
46;373;  -3023.5433309668;  -2985.7721715100;  -3028.6551015301
47;387;  -3023.5433309668;  -2985.7721715100;  -3028.6551015301
48;394;  -3023.5433309668;  -2985.7721715100;  -3028.6551015301
49;403;  -3023.3797816979;  -2985.8685331100;  -3028.4563771501
50;425;  -3023.3797816979;  -2985.8685331100;  -3028.4563771501
51;441;  -3023.3797816979;  -2985.8685331100;  -3028.4563771501
52;484;  -2997.1641951306;  -2982.3016164200;  -2999.1756264300
53;485;  -2998.2062796916;  -2982.3737129200;  -3000.3489846000
54;486;  -2985.8557762328;  -2981.6694729000;  -2986.4223307800
55;491;  -2988.4395867572;  -2981.0863322400;  -2989.4347415400
56;492;  -2989.9605678390;  -2981.7871469500;  -2991.0667200701
57;493;  -2989.3789324768;  -2981.1149326800;  -2990.4973432300
58;495;  -2994.1229280825;  -2979.9146069300;  -2996.0458152500
59;497;  -2995.9541252117;  -2980.9560925500;  -2997.9838882100
60;502;  -2997.5882271955;  -2980.6540483200;  -2999.8800190900
61;505;  -2999.3010795327;  -2980.9597866500;  -3001.7833035999
62;511;  -2999.4885728593;  -2979.8593436800;  -3002.1451001500
63;524;  -2999.5988077282;  -2979.1806797600;  -3002.3621008600
64;532;  -2999.9397727685;  -2978.0758924800;  -3002.8987272000
65;535;  -3000.0622500934;  -2979.5196274300;  -3002.8423917500
66;536;  -3000.7020489333;  -2980.0350474700;  -3003.4990234300
67;541;  -3003.4337648787;  -2979.4057210200;  -3006.6856069999
68;562;  -3003.7884492417;  -2978.9604889500;  -3007.1485482799
69;570;  -3004.4674766981;  -2977.9765826300;  -3008.0526293500
70;578;  -3004.9024014564;  -2978.8038319700;  -3008.4344587500
71;601;  -3005.7479663006;  -2979.3417498000;  -3009.3216590900
72;610;  -3007.2148025381;  -2980.4725528800;  -3010.8339724700
73;644;  -2985.5107269850;  -2980.2128097100;  -2986.2277221200
74;645;  -2989.6043324638;  -2979.3931993200;  -2990.9862590600
75;649;  -2991.0138432166;  -2980.7629470700;  -2992.4011511500
76;652;  -2991.9134392672;  -2979.8126101000;  -2993.5511084100
77;653;  -3000.4840846356;  -2980.1313770600;  -3003.2385240800
78;662;  -3003.6377157336;  -2979.4987437800;  -3006.9045703400
79;675;  -3003.8875147592;  -2979.2511336100;  -3007.2216863800
80;678;  -3006.5180960471;  -2979.7257599600;  -3010.1440444400
81;684;  -3006.7625250603;  -2979.4949714600;  -3010.4527871500
82;690;  -3008.2340030182;  -2978.9149979000;  -3012.2018988800
83;702;  -2995.3797195318;  -2981.1271894300;  -2997.3085897300
84;705;  -3001.1011739450;  -2979.7024711400;  -3003.9971734501
85;711;  -3001.0422633074;  -2979.3883793200;  -3003.9727978300
86;717;  -3002.1997953683;  -2979.8704654300;  -3005.2217415600
87;718;  -3002.0232939131;  -2981.7353307800;  -3004.7689711500
88;719;  -3007.4855835621;  -2982.8606002000;  -3010.8182126601
89;720;  -3008.4879511124;  -2984.6266460600;  -3011.7172275901
90;730;  -3011.1022820927;  -2983.5933961000;  -3014.8252049701
91;732;  -3015.4187438594;  -2982.9184376900;  -3019.8171820001
92;739;  -3015.6131367504;  -2983.3607784200;  -3019.9780188000
93;742;  -3015.6131367504;  -2983.3607784200;  -3019.9780188000
94;743;  -3015.6969957313;  -2980.9230127300;  -3020.4031425700
95;780;  -2989.3787238926;  -2981.8716703500;  -2990.3946931100
96;782;  -2988.9620538164;  -2982.3283390000;  -2989.8598294900
97;783;  -2995.9030285204;  -2981.7771194900;  -2997.8147624200
98;784;  -2996.8728616466;  -2982.0676354300;  -2998.8765311300
99;787;  -2999.0747192914;  -2982.6288553200;  -3001.3004249500
100;789;  -2999.9336770450;  -2982.6791781500;  -3002.2688195401
101;796;  -3002.0472337938;  -2981.9316076900;  -3004.7695877500
102;802;  -3002.8061179988;  -2980.7396986600;  -3005.7924831101
103;803;  -3009.9252882860;  -2981.2224212200;  -3013.8097989301
104;804;  -3010.3602442915;  -2980.7725273800;  -3014.3645063401
105;808;  -3014.1431742462;  -2981.0574540500;  -3018.6208395601
106;820;  -3015.8765217212;  -2982.9475957800;  -3020.3329672401
107;843;  -3023.3797816979;  -2985.8685331100;  -3028.4563771501
108;876;  -3023.5433309668;  -2985.7721715100;  -3028.6551015301
109;886;  -2986.2800079774;  -2982.8082139900;  -2986.7498642000
110;887;  -2988.9098832252;  -2982.9271090700;  -2989.7195636600
111;889;  -2995.8961392348;  -2982.0993381300;  -2997.7633332201
112;890;  -2996.0116601854;  -2981.7861667400;  -2997.9368713700
113;893;  -2997.7128265978;  -2981.5329076600;  -2999.9025405100
114;896;  -3001.9998916409;  -2980.1871541300;  -3004.9519246500
115;897;  -3004.6105703207;  -2981.1519281000;  -3007.7853523100
116;898;  -3005.6942307212;  -2982.6246783900;  -3008.8163551200
117;902;  -3008.9413004753;  -2982.7650383800;  -3012.4838723200
118;904;  -3008.8322167267;  -2981.1237529500;  -3012.5821495200
119;906;  -3011.1400216847;  -2979.3806864800;  -3015.4381803100
120;958;  -2988.1949453912;  -2981.8296196000;  -2989.0563985600
121;960;  -2990.6410431530;  -2981.6002764900;  -2991.8645778700
122;966;  -2993.5027383072;  -2982.9470483300;  -2994.9312956000
123;969;  -2994.2076603224;  -2982.3707354701;  -2995.8096139000
124;970;  -2997.2107320481;  -2981.6841137000;  -2999.3120313400
125;979;  -2997.5200729395;  -2981.7933034700;  -2999.6484597400
126;980;  -3000.0020005565;  -2981.3161637000;  -3002.5308535800
127;984;  -3001.3563146883;  -2981.7598706700;  -3004.0084049900
128;985;  -3005.2816376188;  -2982.5670605500;  -3008.3557213400
129;990;  -3005.7861340842;  -2983.5627195100;  -3008.7937461900
130;991;  -3015.6246936009;  -2983.2752735200;  -3020.0027115301
131;1004;  -3015.1046744747;  -2983.5142069100;  -3019.3799793501
132;1015;  -3019.4160662642;  -2985.9090865800;  -3023.9507428501
133;1023;  -2984.6960325731;  -2980.3520425000;  -2985.2839277000
134;1024;  -2995.7962334487;  -2979.9586928600;  -2997.9396114900
135;1027;  -3006.4318113898;  -2982.7222972600;  -3009.6405452000
136;1029;  -3006.9842087538;  -2982.7056590100;  -3010.2699531600
137;1045;  -3006.6081068624;  -2982.0832288100;  -3009.9271881800
138;1048;  -3007.1935919573;  -2981.8674998200;  -3010.6211058100
139;1049;  -3009.2760609791;  -2981.2061053100;  -3013.0749163800
140;1051;  -3009.7201862325;  -2982.8212797500;  -3013.3605573600
141;1054;  -3010.3817418081;  -2983.7205304400;  -3013.9899444000
142;1056;  -3010.9729336010;  -2982.1684731100;  -3014.8711934200
143;1057;  -3010.9783368179;  -2982.2597678000;  -3014.8649724900
144;1103;  -3013.4654131074;  -2984.6573740700;  -3017.3641572300
145;1107;  -3013.4336145715;  -2984.1795450200;  -3017.3927223600
146;1131;  -3016.6456321747;  -2985.5625083600;  -3020.8522755401
147;1133;  -3023.3797816979;  -2985.8685331100;  -3028.4563771501
148;1170;  -3023.3797816979;  -2985.8685331100;  -3028.4563771501
149;1212;  -3023.5433309668;  -2985.7721715100;  -3028.6551015301
150;1283;  -3023.1652744581;  -2986.0691306300;  -3028.1856915901
151;1286;  -3023.5433309668;  -2985.7721715100;  -3028.6551015301
152;1289;  -3002.2938203185;  -2981.7466229800;  -3005.0745810900
153;1291;  -3007.6256843909;  -2984.0873263000;  -3010.8112547501
154;1293;  -3013.4654131074;  -2984.6573740700;  -3017.3641572300
155;1303;  -2983.7178362871;  -2980.3810302300;  -2984.1694238800
156;1304;  -2986.8354604072;  -2980.7253559100;  -2987.6623731300
157;1305;  -2988.1131590005;  -2979.5480342100;  -2989.2723225900
158;1306;  -2990.1016673559;  -2978.2058471700;  -2991.7115915500
159;1308;  -2997.1880715344;  -2979.7710397800;  -2999.5452104600
160;1309;  -3000.6546658308;  -2980.1231565100;  -3003.4333034600
161;1311;  -3001.0404500288;  -2980.2240093800;  -3003.8576489200
162;1312;  -3005.5511630804;  -2983.0053010800;  -3008.6024137000
163;1314;  -3006.6340569883;  -2982.6315333000;  -3009.8824453300
164;1316;  -3008.7568681470;  -2983.3199668400;  -3012.1993783900
165;1320;  -3010.7341122464;  -2982.6234440400;  -3014.5384774900
166;1340;  -3011.9436267540;  -2982.8188918600;  -3015.8852310001
167;1344;  -3003.0032190560;  -2978.3229395000;  -3006.3433316800
168;1352;  -3007.2220108782;  -2981.8040361300;  -3010.6619596900
169;1356;  -3007.3747158275;  -2981.0173222700;  -3010.9418011500
170;1361;  -3008.3612798156;  -2980.2040622500;  -3012.1719448300
171;1363;  -3009.7271819923;  -2981.0038674600;  -3013.6144599000
172;1372;  -3012.4184388448;  -2980.4555684700;  -3016.7441429600
173;1558;  -3013.4336145715;  -2984.1795450200;  -3017.3927223600
174;1564;  -3015.2075944689;  -2985.2761291900;  -3019.2583778001
175;1567;  -3016.3558046337;  -2985.5989511600;  -3020.5182921101
176;1598;  -2992.3866398314;  -2982.3563054200;  -2993.7440979799
177;1602;  -2993.7612864904;  -2981.6341721100;  -2995.4025129500
178;1605;  -2988.3343012473;  -2981.4666876400;  -2989.2637316799
179;1606;  -2992.6311422039;  -2980.7932980901;  -2994.2332201899
180;1607;  -2998.6949325704;  -2981.6726683500;  -3000.9986455200
181;1613;  -2998.2571477125;  -2980.4695298800;  -3000.6644400100
182;1623;  -2998.6949325704;  -2981.6726683500;  -3000.9986455200
183;1626;  -3003.7937811832;  -2983.5461122000;  -3006.5340052000
184;1628;  -3004.5723637417;  -2984.8551350600;  -3007.2408004699
185;1631;  -3004.5723637417;  -2984.8551350600;  -3007.2408004699
186;1634;  -3005.9274152034;  -2984.7679709100;  -3008.7910345900
187;1646;  -3006.8347334276;  -2984.8805420200;  -3009.8059101400
188;1647;  -3009.1465157661;  -2984.1318589600;  -3012.5318814300
189;1662;  -3013.4654131074;  -2984.6573740700;  -3017.3641572300
190;1667;  -2996.2680810361;  -2980.8562159700;  -2998.3538501600
191;1668;  -2996.6585393513;  -2980.7338326000;  -2998.8137140500
192;1669;  -2998.2254956381;  -2980.8340977300;  -3000.5791653999
193;1675;  -3002.0901126046;  -2979.6937735800;  -3005.1211274899
194;1693;  -3001.7360733828;  -2979.0146056800;  -3004.8110896499
195;1694;  -3002.1841650606;  -2979.4669965900;  -3005.2585994899
196;1695;  -3002.8303514399;  -2979.4265546300;  -3005.9977109099
197;1696;  -3004.1307310141;  -2981.8600904700;  -3007.1447344600
198;1698;  -3004.7746920955;  -2983.0207442400;  -3007.7187687900
199;1708;  -3009.0677070574;  -2985.0773926700;  -3012.3144430500
200;1722;  -3010.6949191223;  -2985.9121460900;  -3014.0489027300
201;1735;  -3016.6563786516;  -2985.7649178400;  -3020.8370832501
202;1799;  -3019.4160662642;  -2985.9090865800;  -3023.9507428501
203;1819;  -3023.1652744581;  -2986.0691306300;  -3028.1856915901
204;1828;  -3023.1652744581;  -2986.0691306300;  -3028.1856915901
205;1832;  -3023.5433309668;  -2985.7721715100;  -3028.6551015301
206;1863;  -3023.5433309668;  -2985.7721715100;  -3028.6551015301
207;1895;  -2994.9713783704;  -2980.1469093800;  -2996.9776520800
208;1898;  -2996.9370212236;  -2979.5823142300;  -2999.2857254100
209;1908;  -2997.0216252240;  -2980.3385583100;  -2999.2794328100
210;1912;  -2996.5904030850;  -2980.6639427900;  -2998.7458151000
211;1914;  -2996.2101378831;  -2981.2683980900;  -2998.2322824700
212;1915;  -2998.5519434816;  -2983.2099104300;  -3000.6282618700
213;1917;  -3002.2704330675;  -2982.8407359500;  -3004.8999566301
214;1919;  -3003.4209203026;  -2982.8209796900;  -3006.2088191001
215;1924;  -3011.9693452963;  -2982.6826835400;  -3015.9328639601
216;1926;  -3011.9071231334;  -2982.1577375300;  -3015.9332646601
217;1931;  -3011.9436267540;  -2982.8188918600;  -3015.8852310001
218;1934;  -3015.0861331756;  -2985.5157240500;  -3019.0880528701
219;1951;  -3019.4160662642;  -2985.9090865800;  -3023.9507428501
220;1963;  -3019.4160662642;  -2985.9090865800;  -3023.9507428501
221;1967;  -3023.1652744581;  -2986.0691306300;  -3028.1856915901
222;1969;  -2990.4745749576;  -2981.0796455500;  -2991.7460403900
223;1970;  -2994.6370707841;  -2980.3004659500;  -2996.5773192600
224;1972;  -2998.7059778681;  -2981.5423997800;  -3001.0288155700
225;1973;  -2998.6376579826;  -2981.3536352100;  -3000.9767961000
226;1974;  -3000.5754530546;  -2980.7577520000;  -3003.2574872400
227;1978;  -3002.7323095093;  -2983.4439859600;  -3005.3427002400
228;1979;  -3004.3312270738;  -2983.2390200900;  -3007.1857468800
229;1986;  -3007.0450538870;  -2984.5388463400;  -3010.0909378600
230;1988;  -3007.9014751783;  -2983.8952331700;  -3011.1503667399
231;1989;  -3008.5908976069;  -2983.4952365800;  -3011.9872260000
232;2000;  -3010.3544862401;  -2984.4171396300;  -3013.8647243900
233;2006;  -3010.5961642590;  -2985.1875681500;  -3014.0348438100
234;2015;  -3010.3544862401;  -2984.4171396300;  -3013.8647243900
235;2020;  -3012.6862081424;  -2983.4332850100;  -3016.6451607800
236;2032;  -2997.5773089922;  -2980.9296558900;  -2999.8303238400
237;2034;  -3003.5559678198;  -2981.2538368600;  -3006.5742330301
238;2035;  -3004.7846421609;  -2982.0915503400;  -3007.8558181700
239;2038;  -3004.7846421609;  -2982.0915503400;  -3007.8558181700
240;2049;  -3004.9939347507;  -2982.8566851900;  -3007.9898856901
241;2057;  -3012.8262228246;  -2984.0859307700;  -3016.7157983901
242;2069;  -3013.8197828944;  -2986.1978227800;  -3017.5580086901
243;2070;  -3015.9893646751;  -2985.4835169300;  -3020.1178822201
244;2075;  -3023.3797816979;  -2985.8685331100;  -3028.4563771501
245;2095;  -3023.5433309668;  -2985.7721715100;  -3028.6551015301
246;2099;  -3023.5433309668;  -2985.7721715100;  -3028.6551015301
247;2101;  -3023.3797816979;  -2985.8685331100;  -3028.4563771501
248;2104;  -3023.5433309668;  -2985.7721715100;  -3028.6551015301
249;2115;  -2997.2061725898;  -2979.8967283400;  -2999.5487511300
250;2117;  -3002.6549516825;  -2980.6683080200;  -3005.6305203300
251;2118;  -3004.6510280745;  -2979.7734730500;  -3008.0178390300
252;2124;  -3004.5649211369;  -2979.1785804800;  -3008.0005887400
253;2132;  -3005.9308718867;  -2978.8884996700;  -3009.5906589900
254;2164;  -3008.7759561614;  -2979.7552367700;  -3012.7034834400
255;2170;  -3008.7759561614;  -2979.7552367700;  -3012.7034834400
256;2184;  -3008.7252302864;  -2980.4810316400;  -3012.5476669100
257;2189;  -3009.6164085908;  -2981.2371807400;  -3013.4571194300
258;2197;  -3012.1464443181;  -2982.4908233600;  -3016.1598961800
259;2219;  -3016.3963030005;  -2983.0538891700;  -3020.9087080200
260;2281;  -3018.3898205322;  -2982.4377962600;  -3023.2553979200
261;2285;  -3023.5433309668;  -2985.7721715100;  -3028.6551015301
262;2303;  -3023.5433309668;  -2985.7721715100;  -3028.6551015301
263;2364;  -3023.5433309668;  -2985.7721715100;  -3028.6551015301
264;2375;  -3023.5433309668;  -2985.7721715100;  -3028.6551015301
265;2435;  -3023.5433309668;  -2985.7721715100;  -3028.6551015301
266;2479;  -3023.3797816979;  -2985.8685331100;  -3028.4563771501
267;2502;  -3023.5433309668;  -2985.7721715100;  -3028.6551015301
268;2569;  -3023.5433309668;  -2985.7721715100;  -3028.6551015301
269;2611;  -3023.5433309668;  -2985.7721715100;  -3028.6551015301
270;2621;  -3023.5433309668;  -2985.7721715100;  -3028.6551015301
271;2640;  -3023.5433309668;  -2985.7721715100;  -3028.6551015301
272;2653;  -3023.5433309668;  -2985.7721715100;  -3028.6551015301
273;2680;  -3023.5433309668;  -2985.7721715100;  -3028.6551015301
274;2700;  -3023.5433309668;  -2985.7721715100;  -3028.6551015301
275;2702;  -3023.5433309668;  -2985.7721715100;  -3028.6551015301
276;2741;  -2987.7986494487;  -2981.5257641300;  -2988.6475921600
277;2742;  -2993.0897300146;  -2981.8822107400;  -2994.6065028101
278;2743;  -2995.8990328064;  -2981.5250909400;  -2997.8443343001
279;2745;  -2998.3122738400;  -2982.1184463500;  -3000.5038700701
280;2748;  -3000.2004292927;  -2982.4826330900;  -3002.5982722601
281;2754;  -3006.7191177365;  -2983.9873604300;  -3009.7955265501
282;2760;  -3007.2614855483;  -2983.8828792000;  -3010.4254358601
283;2767;  -3007.2518231310;  -2984.3788063900;  -3010.3473493301
284;2770;  -3008.1649499011;  -2983.7726035000;  -3011.4660950101
285;2783;  -3009.2601907098;  -2983.3166955900;  -3012.7712609700
286;2794;  -3009.1611549288;  -2983.5574969000;  -3012.6262332400
287;2803;  -3010.0757134056;  -2983.3209218400;  -3013.6965807000
288;2805;  -3011.9436267540;  -2982.8188918600;  -3015.8852310001
289;2811;  -3016.7981232998;  -2985.4399911200;  -3021.0419850001
290;2857;  -3016.6456321747;  -2985.5625083600;  -3020.8522755401
291;2858;  -3023.3797816979;  -2985.8685331100;  -3028.4563771501
292;2868;  -3023.5433309668;  -2985.7721715100;  -3028.6551015301
293;2918;  -3023.5433309668;  -2985.7721715100;  -3028.6551015301
294;3025;  -2982.9389432546;  -2980.3552678300;  -2983.2886057000
295;3027;  -2990.7198861788;  -2979.6886913900;  -2992.2127960500
296;3031;  -2998.0393840745;  -2981.7481098200;  -3000.2441682900
297;3033;  -3001.9107039127;  -2981.4346293000;  -3004.6818392700
298;3035;  -3003.8493558790;  -2980.2748193300;  -3007.0398224600
299;3040;  -3004.1496097563;  -2980.4485526700;  -3007.3571990300
300;3044;  -3004.3606034249;  -2980.8892482900;  -3007.5371059200
301;3052;  -2999.5529807793;  -2981.4835681900;  -3001.9984098500
302;3054;  -3003.7695233882;  -2982.2955015200;  -3006.6757162200
303;3055;  -3004.9668490158;  -2982.6653841500;  -3007.9850240800
304;3061;  -3009.3472748353;  -2984.3548628500;  -3012.7296299900
305;3068;  -3009.4753478730;  -2983.9450236700;  -3012.9305015301
306;3074;  -3013.4310874130;  -2985.2915966900;  -3017.2393533601
307;3100;  -3014.5664818900;  -2984.6496875900;  -3018.6152797201
308;3108;  -3015.0861331756;  -2985.5157240500;  -3019.0880528701
309;3136;  -3019.2499597855;  -2985.5230232800;  -3023.8144042901
310;3158;  -3019.2499597855;  -2985.5230232800;  -3023.8144042901
311;3167;  -3019.2499597855;  -2985.5230232800;  -3023.8144042901
312;3169;  -3019.4160662642;  -2985.9090865800;  -3023.9507428501
313;3195;  -3019.4160662642;  -2985.9090865800;  -3023.9507428501
314;3199;  -3023.1652744581;  -2986.0691306300;  -3028.1856915901
315;3202;  -3023.1652744581;  -2986.0691306300;  -3028.1856915901
316;3207;  -3023.5433309668;  -2985.7721715100;  -3028.6551015301
317;3230;  -3023.5433309668;  -2985.7721715100;  -3028.6551015301
318;3238;  -3023.5433309668;  -2985.7721715100;  -3028.6551015301
319;3312;  -3023.3797816979;  -2985.8685331100;  -3028.4563771501
320;3351;  -3023.1652744581;  -2986.0691306300;  -3028.1856915901
321;3356;  -3023.1652744581;  -2986.0691306300;  -3028.1856915901
322;3365;  -3023.3797816979;  -2985.8685331100;  -3028.4563771501
323;3373;  -3023.5433309668;  -2985.7721715100;  -3028.6551015301
324;3389;  -3023.5433309668;  -2985.7721715100;  -3028.6551015301
325;3401;  -3023.5433309668;  -2985.7721715100;  -3028.6551015301
326;3409;  -3023.5433309668;  -2985.7721715100;  -3028.6551015301
327;3440;  -3023.1652744581;  -2986.0691306300;  -3028.1856915901
328;3443;  -3023.1652744581;  -2986.0691306300;  -3028.1856915901
329;3464;  -3023.3797816979;  -2985.8685331100;  -3028.4563771501
330;3470;  -3023.3797816979;  -2985.8685331100;  -3028.4563771501
331;3507;  -3023.5433309668;  -2985.7721715100;  -3028.6551015301
332;3556;  -3023.5433309668;  -2985.7721715100;  -3028.6551015301
333;3558;  -3023.5433309668;  -2985.7721715100;  -3028.6551015301
334;3567;  -2995.7309058398;  -2979.9230482800;  -2997.8702667201
335;3569;  -2999.9342053630;  -2980.1034337200;  -3002.6180084601
336;3570;  -3000.6994038807;  -2980.8079304600;  -3003.3914220700
337;3571;  -3002.5380581233;  -2979.5678388100;  -3005.6467392600
338;3572;  -3002.8566292654;  -2979.5319923400;  -3006.0132756100
339;3573;  -3002.5380581233;  -2979.5678388100;  -3005.6467392600
340;3584;  -3005.9408202164;  -2980.8273422500;  -3009.3395598700
341;3605;  -3006.5080201693;  -2983.6315155600;  -3009.6040184000
342;3608;  -3009.3901436623;  -2983.8651079500;  -3012.8445816000
343;3630;  -3009.7815524735;  -2983.2112788500;  -3013.3774479800
344;3654;  -3011.6524425831;  -2979.8666532900;  -3015.9541813800
345;3680;  -2995.7277879713;  -2982.5026645900;  -2997.5176137899
346;3681;  -2998.6870876517;  -2982.7947265700;  -3000.8378848400
347;3686;  -3001.7242524543;  -2981.8827171100;  -3004.4095122600
348;3694;  -3003.0592504321;  -2982.7151504900;  -3005.8125249600
349;3698;  -3005.5640959959;  -2982.5123863500;  -3008.6838056500
350;3699;  -2992.7829422246;  -2980.7921895800;  -2994.4057141300
351;3700;  -2995.4810125076;  -2980.3795613300;  -2997.5247716800
352;3702;  -2995.8799846136;  -2980.3403367400;  -2997.9830472600
353;3708;  -2998.5031312554;  -2981.5954481300;  -3000.7913373400
354;3709;  -2999.7725395247;  -2981.9598230800;  -3002.1832285500
355;3717;  -3002.1796227211;  -2982.6473903600;  -3004.8230229200
356;3721;  -3004.5841276990;  -2982.1211711200;  -3007.6241582900
357;3729;  -3005.1959746959;  -2981.9093869800;  -3008.3474716400
358;3743;  -3005.7160770404;  -2981.8195505600;  -3008.9501202200
359;3745;  -3005.8337653099;  -2981.8151315700;  -3009.0843339100
360;3746;  -3007.2721668528;  -2981.9918355500;  -3010.6934876500
361;3747;  -3010.2988624599;  -2980.1640081000;  -3014.3771715100
362;3760;  -3011.8762704070;  -2980.1196382100;  -3016.1740632200
363;3771;  -2991.5077344633;  -2981.5399371200;  -2992.8567291400
364;3772;  -2996.0710030256;  -2981.1408876400;  -2998.0915744200
365;3775;  -3000.6269250306;  -2981.7090873600;  -3003.1871759500
366;3777;  -3005.3108446217;  -2980.9933603000;  -3008.6018582500
367;3778;  -3009.5582154072;  -2982.4777446300;  -3013.2231585900
368;3786;  -3009.7363963178;  -2981.9741658600;  -3013.4936056401
369;3788;  -3010.3920894919;  -2981.2805938500;  -3014.3319020000
370;3817;  -3013.4336145715;  -2984.1795450200;  -3017.3927223600
371;3862;  -3012.2492948126;  -2985.0867314400;  -3015.9253480200
372;3867;  -3012.1525618548;  -2985.2131984600;  -3015.7984082301
373;3871;  -3012.3551711188;  -2985.5059377600;  -3015.9888197201
374;3891;  -3014.5664818900;  -2984.6496875900;  -3018.6152797201
375;3892;  -3002.5534246669;  -2983.9579935800;  -3005.0700426000
376;3896;  -3009.9564771124;  -2984.9160673500;  -3013.3453280600
377;3897;  -3013.2582408731;  -2984.4898131300;  -3017.1516241900
378;3907;  -3013.2582408731;  -2984.4898131300;  -3017.1516241900
379;3913;  -3013.9406705529;  -2985.4522459900;  -3017.7961595600
380;3922;  -3014.7939369177;  -2985.9631568800;  -3018.6957587001
381;3930;  -3019.4160662642;  -2985.9090865800;  -3023.9507428501
382;3938;  -2990.7567876020;  -2981.9628880400;  -2991.9469124900
383;3939;  -2996.0037596782;  -2983.5324545500;  -2997.6915672900
384;3940;  -3000.4357032291;  -2984.8061124800;  -3002.5509383200
385;3943;  -3002.5378502502;  -2984.5130473200;  -3004.9772420600
386;3944;  -2995.3718297095;  -2981.1154150900;  -2997.3012256200
387;3945;  -2997.3661871601;  -2981.1205162800;  -2999.5647996300
388;3946;  -3002.4143798923;  -2979.8712146900;  -3005.4652655400
389;3949;  -3003.6526548570;  -2979.6524032200;  -3006.9007357100
390;3955;  -3004.7865279029;  -2979.1148811300;  -3008.2608074900
391;3957;  -3009.2199746742;  -2979.4568180200;  -3013.2479799100
392;3962;  -2988.7337194615;  -2980.9067907900;  -2989.7929790701
393;3963;  -2995.6378151965;  -2980.5986599600;  -2997.6731435301
394;3964;  -2996.7943940700;  -2981.7864044200;  -2998.8255046001
395;3967;  -2997.0093791105;  -2981.7699177500;  -2999.0718159301
396;3968;  -2997.3982792030;  -2982.3636898600;  -2999.4329896100
397;3970;  -2997.6260596230;  -2983.2887045700;  -2999.5664096300
398;3971;  -2998.9367641359;  -2981.7561474600;  -3001.2619077600
399;3978;  -2999.0877735289;  -2981.0057250600;  -3001.5349126800
400;3982;  -3001.7756462989;  -2981.3245981700;  -3004.5433946899
401;3991;  -2986.3231712401;  -2980.2317324800;  -2987.1475578300
402;3994;  -2986.1168434117;  -2982.3276736100;  -2986.6296517800
403;3995;  -2995.1248742550;  -2981.8840252900;  -2996.9168283000
404;3998;  -2999.7657415920;  -2981.1525960200;  -3002.2847569200
405;4001;  -2987.4978756629;  -2978.9714694700;  -2988.6517992600
406;4002;  -2993.1882421080;  -2979.4072950600;  -2995.0532904800
407;4003;  -2999.1681564528;  -2979.5588029000;  -3001.8219938700
408;4008;  -3003.7884492417;  -2978.9604889500;  -3007.1485482799
409;4011;  -3004.9024014564;  -2978.8038319700;  -3008.4344587500
410;4015;  -3005.4614946574;  -2980.6188465900;  -3008.8235814700
411;4034;  -2987.5921856532;  -2981.5510546400;  -2988.4097638300
412;4037;  -2987.3728760083;  -2982.0802530900;  -2988.0891546300
413;4038;  -2987.6381567131;  -2980.8566664400;  -2988.5559316199
414;4041;  -2992.7341581988;  -2980.8807493700;  -2994.3383426399
415;4047;  -2994.4802774650;  -2980.2337003800;  -2996.4083420100
416;4050;  -2998.0265471423;  -2979.7307639700;  -3000.5026121400
417;4051;  -2999.2210539563;  -2980.3485340000;  -3001.7751717899
418;4058;  -3003.2702404285;  -2979.4775023900;  -3006.4902373699
419;4070;  -3003.2228388968;  -2981.1410241500;  -3006.2112875499
420;4076;  -3003.2702404285;  -2979.4775023900;  -3006.4902373699
421;4081;  -3005.3446577586;  -2978.7664195100;  -3008.9416311600
422;4123;  -3008.1425522031;  -2980.6135368000;  -3011.8681993000
423;4137;  -3008.7461219558;  -2980.2343651400;  -3012.6047686400
424;4138;  -3013.7615634725;  -2979.9384374700;  -3018.3390258100
425;4166;  -3015.6131367504;  -2983.3607784200;  -3019.9780188000
426;4190;  -3016.3963030005;  -2983.0538891700;  -3020.9087080200
427;4194;  -3018.3898205322;  -2982.4377962600;  -3023.2553979200
428;4262;  -3023.5433309668;  -2985.7721715100;  -3028.6551015301
429;4360;  -2997.2126552090;  -2981.6121923400;  -2999.3239482700
430;4361;  -3004.8452166447;  -2983.5661264000;  -3007.7250283500
431;4363;  -3005.9305529478;  -2984.5797436600;  -3008.8200707700
432;4370;  -3013.1153866843;  -2986.0933639100;  -3016.7724197900
433;4372;  -3016.8034925453;  -2984.6801315800;  -3021.1509167000
434;4373;  -3016.6456321747;  -2985.5625083600;  -3020.8522755401
435;4465;  -3023.5433309668;  -2985.7721715100;  -3028.6551015301
436;4503;  -2997.4088062555;  -2981.1607704000;  -2999.6077387900
437;4505;  -2999.7672717281;  -2981.4001143800;  -3002.2529961700
438;4506;  -3006.9941972305;  -2983.8370139400;  -3010.1281811901
439;4516;  -3012.8122012106;  -2986.1052887700;  -3016.4265887701
440;4529;  -3018.0815015936;  -2985.7311609300;  -3022.4596441101
441;4549;  -3018.0815015936;  -2985.7311609300;  -3022.4596441101
442;4554;  -3018.0815015936;  -2985.7311609300;  -3022.4596441101
443;4555;  -3019.4160662642;  -2985.9090865800;  -3023.9507428501
444;4556;  -3023.1652744581;  -2986.0691306300;  -3028.1856915901
445;4588;  -3023.1652744581;  -2986.0691306300;  -3028.1856915901
446;4591;  -3023.5433309668;  -2985.7721715100;  -3028.6551015301
447;4622;  -3023.5433309668;  -2985.7721715100;  -3028.6551015301
448;4637;  -2996.9765268228;  -2983.2977648400;  -2998.8277459500
449;4641;  -2997.8488145873;  -2982.2412619800;  -2999.9610671401
450;4643;  -2997.9117823242;  -2983.2995978400;  -2999.8893264500
451;4644;  -3006.8695541316;  -2985.4209160600;  -3009.7723116400
452;4646;  -3012.6532497451;  -2985.1755433700;  -3016.3719529201
453;4660;  -3013.7163154938;  -2985.4940369800;  -3017.5357855500
454;4667;  -3016.2839446186;  -2985.6072823900;  -3020.4355793900
455;4703;  -3023.5433309668;  -2985.7721715100;  -3028.6551015301
456;4733;  -3023.3797816979;  -2985.8685331100;  -3028.4563771501
457;4747;  -3023.1652744581;  -2986.0691306300;  -3028.1856915901
458;4750;  -2996.3662536478;  -2980.8362450500;  -2998.4680117600
459;4752;  -2997.6424136443;  -2980.8334486700;  -2999.9172596800
460;4753;  -2998.7016332788;  -2981.2963842200;  -3001.0571775900
461;4756;  -2999.2814721115;  -2980.6111369400;  -3001.8082272100
462;4759;  -3002.6612414767;  -2982.1994518600;  -3005.4304435700
463;4765;  -3005.4980036122;  -2981.1499057700;  -3008.7931603300
464;4767;  -3005.7502163860;  -2981.5005277200;  -3009.0320548700
465;4801;  -3005.8229938741;  -2980.2826368200;  -3009.2795053300
466;4809;  -2995.4922597857;  -2982.6571413100;  -2997.2293041800
467;4810;  -3002.2094570900;  -2982.3375023000;  -3004.8988337200
468;4812;  -3005.6061070489;  -2983.5546815100;  -3008.5904429700
469;4822;  -3006.8913133036;  -2982.7815102400;  -3010.1542203300
470;4828;  -3007.6528987660;  -2984.4860120600;  -3010.7881959400
471;4836;  -3009.7096505410;  -2984.2476336400;  -3013.1555598100
472;4841;  -2996.2585226683;  -2982.4408116700;  -2998.1285465000
473;4843;  -2998.4456613743;  -2981.2262369200;  -3000.7760570600
474;4846;  -3000.1857421685;  -2980.8389898000;  -3002.8040403800
475;4850;  -3001.3044603435;  -2980.6828706900;  -3004.0952890200
476;4852;  -3001.7646369196;  -2981.0828634500;  -3004.5636105900
477;4853;  -3003.8888231992;  -2981.4810888800;  -3006.9213802700
478;4854;  -3005.3431469943;  -2981.6325211400;  -3008.5520312600
479;4925;  -3007.8440445531;  -2983.2786707100;  -3011.1686063800
480;4952;  -3007.7785924781;  -2983.4311383400;  -3011.0736620800
481;5017;  -3007.8440445531;  -2983.2786707100;  -3011.1686063800
482;5029;  -3010.0305379002;  -2985.2497354400;  -3013.3842548200
483;5035;  -2990.0711404766;  -2980.3752049300;  -2991.3833426600
484;5037;  -2990.1259113280;  -2979.0395388300;  -2991.6262886900
485;5038;  -2992.0401490022;  -2979.4761731700;  -2993.7404982300
486;5040;  -2995.6941559701;  -2979.4991460100;  -2997.8859122301
487;5044;  -2997.8305494327;  -2979.8178554100;  -3000.2683024801
488;5045;  -2998.4619761005;  -2979.7868590200;  -3000.9893783601
489;5047;  -2998.7943457430;  -2980.0825312300;  -3001.3267144600
490;5053;  -3003.6765098715;  -2980.3142897400;  -3006.8382425500
491;5066;  -3004.6292210167;  -2981.9303108000;  -3007.7011844600
492;5091;  -3004.5093249356;  -2981.4567409400;  -3007.6291529200
493;5095;  -3005.1155849820;  -2980.5245508600;  -3008.4436195500
494;5101;  -3008.7333469892;  -2981.4227943200;  -3012.4294283700
495;5126;  -3008.5792783639;  -2981.3261256900;  -3012.2675915001
496;5142;  -3011.2618286057;  -2980.9225704600;  -3015.3678007001
497;5150;  -3012.6384191169;  -2981.1269977700;  -3016.9030262500
498;5158;  -3014.4606724714;  -2981.1337387200;  -3018.9709824900
499;5171;  -3015.6969957313;  -2980.9230127300;  -3020.4031425700
500;5195;  -3015.6969957313;  -2980.9230127300;  -3020.4031425700
501;5238;  -3015.6969957313;  -2980.9230127300;  -3020.4031425700
502;5242;  -3016.3963030005;  -2983.0538891700;  -3020.9087080200
503;5261;  -3023.5433309668;  -2985.7721715100;  -3028.6551015301
504;5281;  -3023.5433309668;  -2985.7721715100;  -3028.6551015301
505;5313;  -2989.7910779139;  -2979.5294363600;  -2991.1798400800
506;5314;  -2989.9337979247;  -2979.7390173600;  -2991.3135114400
507;5315;  -2994.6362530992;  -2980.8894454200;  -2996.4966812100
508;5317;  -2998.2863056948;  -2980.7572254100;  -3000.6586087400
509;5318;  -2998.5677390518;  -2982.0966975400;  -3000.7968521200
510;5320;  -3001.7776040136;  -2983.2944748800;  -3004.2790235300
511;5322;  -3003.0374199039;  -2984.0010983000;  -3005.6137058800
512;5326;  -3008.1458588514;  -2985.1445145300;  -3011.2587523000
513;5332;  -3008.0937419325;  -2985.3818689900;  -3011.1674596900
514;5335;  -3013.2014512547;  -2985.9947554300;  -3016.8834771400
515;5359;  -3023.5433309668;  -2985.7721715100;  -3028.6551015301
516;5405;  -3023.1652744581;  -2986.0691306300;  -3028.1856915901
517;5429;  -3023.1652744581;  -2986.0691306300;  -3028.1856915901
518;5433;  -3023.5433309668;  -2985.7721715100;  -3028.6551015301
519;5439;  -3023.5433309668;  -2985.7721715100;  -3028.6551015301
520;5486;  -3023.5433309668;  -2985.7721715100;  -3028.6551015301
521;5490;  -3023.5433309668;  -2985.7721715100;  -3028.6551015301
522;5502;  -2984.4687883860;  -2980.8123689200;  -2984.9636309500
523;5504;  -2989.3765525287;  -2982.3592439700;  -2990.3262419700
524;5505;  -2992.4761668961;  -2982.1248070700;  -2993.8770711100
525;5506;  -2996.1055444788;  -2981.9354266400;  -2998.0232613901
526;5509;  -2999.2497813261;  -2981.2276920700;  -3001.6888058800
527;5510;  -3004.6710074577;  -2981.7793387200;  -3007.7690579300
528;5515;  -3006.2275691992;  -2985.0041508700;  -3009.0998465301
529;5516;  -3017.7096929435;  -2984.8047153200;  -3022.1628974101
530;5519;  -3023.3797816979;  -2985.8685331100;  -3028.4563771501
531;5533;  -3023.5433309668;  -2985.7721715100;  -3028.6551015301
532;5536;  -2991.0067555969;  -2978.7651018800;  -2992.6634832700
533;5537;  -2997.5095268203;  -2979.7083752500;  -2999.9186507100
534;5541;  -2998.8138697179;  -2979.7677938500;  -3001.3914757900
535;5543;  -2999.7158333037;  -2979.7340289900;  -3002.4200764500
536;5548;  -3002.5667984570;  -2979.7649567700;  -3005.6526921600
537;5552;  -3002.3021415711;  -2979.6731613400;  -3005.3646410200
538;5554;  -3004.2669978300;  -2979.6247228800;  -3007.6019670900
539;5563;  -3009.5786411980;  -2979.6940920600;  -3013.6230751200
540;5576;  -3010.9783368179;  -2982.2597678000;  -3014.8649724900
541;5582;  -3013.4654131074;  -2984.6573740700;  -3017.3641572300
542;5588;  -3013.4336145715;  -2984.1795450200;  -3017.3927223600
543;5604;  -2998.9318384249;  -2979.7867174100;  -3001.5228488000
544;5606;  -3002.0745466202;  -2981.7636974900;  -3004.8233211400
545;5609;  -3004.0362399347;  -2981.4898928000;  -3007.0875562101
546;5610;  -3006.1560776471;  -2982.0085419500;  -3009.4240912301
547;5614;  -3009.2418055378;  -2982.8769510300;  -3012.8099005901
548;5618;  -3011.0351314407;  -2984.3213004800;  -3014.6504553201
549;5623;  -3012.8432334145;  -2983.9300785300;  -3016.7562034201
550;5637;  -3015.6990731228;  -2983.3687348500;  -3020.0745086101
551;5649;  -3015.4187438594;  -2982.9184376900;  -3019.8171820001
552;5655;  -2983.7328031900;  -2980.6863143500;  -2984.1451006200
553;5656;  -2984.8066008451;  -2980.6630871100;  -2985.3673644500
554;5657;  -2989.6330980745;  -2981.2439139800;  -2990.7684506800
555;5660;  -2991.1876453897;  -2981.8772517500;  -2992.4476701500
556;5661;  -2995.9739056512;  -2981.4570582200;  -2997.9385473100
557;5665;  -2998.7721895018;  -2983.0302374600;  -3000.9026310400
558;5667;  -2992.2634276524;  -2980.7670124500;  -2993.8192982600
559;5668;  -2994.6015032575;  -2982.1487819700;  -2996.2867958200
560;5669;  -3000.9684111980;  -2983.3950775100;  -3003.3467032900
561;5671;  -3002.6657331624;  -2983.5075847800;  -3005.2585066000
562;5672;  -3007.1829196451;  -2985.5599026100;  -3010.1092767800
563;5674;  -3009.9006734117;  -2985.5137890800;  -3013.2010793100
564;5696;  -3012.0357511580;  -2986.1396980500;  -3015.5404008400
565;5700;  -3013.1153866843;  -2986.0933639100;  -3016.7724197900
566;5711;  -3013.8197828944;  -2986.1978227800;  -3017.5580086901
567;5718;  -3013.8969537388;  -2985.5223246000;  -3017.7370422101
568;5719;  -3015.2075944689;  -2985.2761291900;  -3019.2583778001
569;5733;  -3023.5433309668;  -2985.7721715100;  -3028.6551015301
570;5734;  -3023.3797816979;  -2985.8685331100;  -3028.4563771501
571;5742;  -3023.5433309668;  -2985.7721715100;  -3028.6551015301
572;5849;  -3023.5433309668;  -2985.7721715100;  -3028.6551015301
573;5883;  -2981.5022952779;  -2979.6810620700;  -2981.7487723900
574;5884;  -2983.5901062692;  -2979.8489276300;  -2984.0964197400
575;5886;  -2985.3835787319;  -2980.5471923700;  -2986.0381124500
576;5887;  -2989.6555584592;  -2981.1285857200;  -2990.8095587300
577;5888;  -2990.5606229168;  -2980.8645809700;  -2991.8728395000
578;5889;  -2997.0779473533;  -2982.4434098600;  -2999.0585166300
579;5891;  -3000.0271204205;  -2981.4065741800;  -3002.5471373200
580;5896;  -3000.1216198466;  -2983.0590527300;  -3002.4307872000
581;5899;  -3000.7845364639;  -2981.7249514500;  -3003.3639708001
582;5906;  -3002.1339103672;  -2980.2593856900;  -3005.0943053601
583;5910;  -3005.8793162232;  -2982.6521866700;  -3009.0227663801
584;5915;  -3009.4465523616;  -2982.8227235100;  -3013.0496957801
585;5918;  -2991.2822595661;  -2981.4397609800;  -2992.6142969000
586;5921;  -2997.4287145492;  -2981.2434249600;  -2999.6191553000
587;5922;  -3002.5866789604;  -2980.5333780900;  -3005.5712686800
588;5925;  -3002.7975168445;  -2980.2556832400;  -3005.8482222801
589;5931;  -3005.1378650271;  -2980.5800960300;  -3008.4613976500
590;5934;  -3007.1015414560;  -2979.7250139500;  -3010.8065515600
591;5943;  -3008.8165845943;  -2981.4690395400;  -3012.5176723501
592;5955;  -3008.7646325162;  -2983.3766214100;  -3012.2005261900
593;5966;  -3010.2087773340;  -2983.6938776700;  -3013.7971787900
594;5974;  -3010.5858167756;  -2983.4492421400;  -3014.2583527900
595;5987;  -3012.1464443181;  -2982.4908233600;  -3016.1598961800
596;6014;  -3016.2839446186;  -2985.6072823900;  -3020.4355793900
597;6051;  -2993.1854168925;  -2980.7109350201;  -2994.8736544299
598;6053;  -2993.2084942061;  -2980.3875231900;  -2994.9436239499
599;6061;  -2994.7178126749;  -2980.1516377800;  -2996.6891300800
600;6063;  -2995.6704499867;  -2980.4444114100;  -2997.7310702300
601;6065;  -3003.9500062116;  -2981.6252280300;  -3006.9713363900
602;6073;  -3007.7796632113;  -2981.7156820800;  -3011.3070394800
603;6086;  -3011.5252485808;  -2981.3973249400;  -3015.6026196600
604;6087;  -3013.7615634725;  -2979.9384374700;  -3018.3390258100
605;6093;  -3013.7640707494;  -2979.4390689500;  -3018.4094545900
606;6097;  -3015.1364337201;  -2980.5819486800;  -3019.8128747400
607;6117;  -3018.3898205322;  -2982.4377962600;  -3023.2553979200
608;6190;  -3023.5433309668;  -2985.7721715100;  -3028.6551015301
609;6215;  -3023.5433309668;  -2985.7721715100;  -3028.6551015301
610;6217;  -3023.5433309668;  -2985.7721715100;  -3028.6551015301
611;6227;  -3023.5433309668;  -2985.7721715100;  -3028.6551015301
612;6291;  -3023.5433309668;  -2985.7721715100;  -3028.6551015301
613;6293;  -3023.5433309668;  -2985.7721715100;  -3028.6551015301
614;6299;  -3023.5433309668;  -2985.7721715100;  -3028.6551015301
615;6309;  -3023.1652744581;  -2986.0691306300;  -3028.1856915901
616;6323;  -3023.5433309668;  -2985.7721715100;  -3028.6551015301
617;6337;  -3023.5433309668;  -2985.7721715100;  -3028.6551015301
618;6342;  -3023.5433309668;  -2985.7721715100;  -3028.6551015301
619;6349;  -3023.3797816979;  -2985.8685331100;  -3028.4563771501
620;6389;  -2984.8671991643;  -2978.8427321800;  -2985.6825221100
621;6390;  -2991.3720350000;  -2978.4514109900;  -2993.1206513100
622;6392;  -2994.5221206744;  -2979.8358801900;  -2996.5096871900
623;6394;  -2994.7842300044;  -2979.7318591300;  -2996.8213468800
624;6396;  -2996.2974371468;  -2979.7723837400;  -2998.5338599301
625;6398;  -2996.9774726846;  -2979.5550446300;  -2999.3353419201
626;6405;  -3000.6599782894;  -2980.5081199900;  -3003.3872357401
627;6406;  -3000.8773875360;  -2980.4382267500;  -3003.6435271501
628;6407;  -3001.4059114429;  -2979.1475549000;  -3004.4182524300
629;6411;  -3004.5139225588;  -2979.2491421600;  -3007.9331387700
630;6413;  -3004.7479387092;  -2980.8918201600;  -3007.9765132700
631;6425;  -3004.6606664464;  -2980.4967583700;  -3007.9308957900
632;6430;  -3006.6528651301;  -2980.2168320100;  -3010.2305931600
633;6433;  -2997.0155674889;  -2983.1668084200;  -2998.8897932200
634;6436;  -3002.0710257615;  -2982.5354934500;  -3004.7148725600
635;6438;  -3003.9808467711;  -2983.3484463200;  -3006.7731385300
636;6441;  -3004.2740406327;  -2982.9272149700;  -3007.1630193300
637;6444;  -3004.4272411087;  -2983.5482739700;  -3007.2529020401
638;6445;  -3011.8403461290;  -2985.9022662200;  -3015.3506835201
639;6464;  -3011.8687419979;  -2985.6974704900;  -3015.4106384401
640;6465;  -3011.8811300468;  -2985.7030023000;  -3015.4239543801
641;6472;  -3013.1123308982;  -2985.7882771600;  -3016.8102394501
642;6499;  -3016.6563786516;  -2985.7649178400;  -3020.8370832501
643;6512;  -3023.5433309668;  -2985.7721715100;  -3028.6551015301
644;6545;  -3023.3797816979;  -2985.8685331100;  -3028.4563771501
645;6575;  -3023.5433309668;  -2985.7721715100;  -3028.6551015301
646;6777;  -3023.5433309668;  -2985.7721715100;  -3028.6551015301
647;6792;  -3023.3797816979;  -2985.8685331100;  -3028.4563771501
648;6795;  -3023.5433309668;  -2985.7721715100;  -3028.6551015301
649;6797;  -3023.5433309668;  -2985.7721715100;  -3028.6551015301
650;6863;  -2994.2871691462;  -2981.4739809500;  -2996.0212455999
651;6865;  -2996.4141400600;  -2980.6243530300;  -2998.5510553599
652;6867;  -3006.4535935813;  -2980.9160954800;  -3009.9097181200
653;6872;  -3007.7302622168;  -2980.4037537500;  -3011.4285029800
654;6876;  -3008.1130292175;  -2980.6708818800;  -3011.8269200000
655;6894;  -3010.2758461074;  -2980.1078599400;  -3014.3586390600
656;6907;  -3013.9193216345;  -2979.4548746400;  -3018.5835773301
657;6923;  -3014.1431742462;  -2981.0574540500;  -3018.6208395601
658;6932;  -3016.2868509575;  -2983.4187509600;  -3020.7350645801
659;6934;  -3016.6456321747;  -2985.5625083600;  -3020.8522755401
660;6940;  -3023.5433309668;  -2985.7721715100;  -3028.6551015301
661;6996;  -3023.5433309668;  -2985.7721715100;  -3028.6551015301
662;7009;  -3023.1652744581;  -2986.0691306300;  -3028.1856915901
663;7012;  -3023.3797816979;  -2985.8685331100;  -3028.4563771501
664;7054;  -3002.7895510158;  -2981.4105134500;  -3005.6828891201
665;7059;  -3005.8092488153;  -2982.4526367100;  -3008.9702225301
666;7060;  -3006.5544756760;  -2983.5621407900;  -3009.6661498300
667;7067;  -3013.2457155099;  -2983.1596948300;  -3017.3174156400
668;7071;  -3015.6246936009;  -2983.2752735200;  -3020.0027115301
669;7089;  -3016.7981232998;  -2985.4399911200;  -3021.0419850001
670;7215;  -3016.2839446186;  -2985.6072823900;  -3020.4355793900
671;7224;  -3023.5433309668;  -2985.7721715100;  -3028.6551015301
672;7235;  -3023.5433309668;  -2985.7721715100;  -3028.6551015301
673;7258;  -3023.5433309668;  -2985.7721715100;  -3028.6551015301
674;7305;  -3023.5433309668;  -2985.7721715100;  -3028.6551015301
675;7323;  -3023.5433309668;  -2985.7721715100;  -3028.6551015301
676;7348;  -3023.5433309668;  -2985.7721715100;  -3028.6551015301
677;7375;  -3023.5433309668;  -2985.7721715100;  -3028.6551015301
678;7399;  -3023.5433309668;  -2985.7721715100;  -3028.6551015301
679;7401;  -2980.1980170508;  -2980.1282152300;  -2980.2074637000
680;7402;  -2988.6991590442;  -2980.4201001100;  -2989.8196078300
681;7404;  -2989.3884710615;  -2981.1244895500;  -2990.5068793400
682;7407;  -2990.4748606943;  -2981.0990494100;  -2991.7437387700
683;7408;  -2990.7519320160;  -2980.4699811400;  -2992.1434427500
684;7410;  -2992.8239447721;  -2981.2273820700;  -2994.3933688700
685;7414;  -2993.3045362925;  -2981.4048999300;  -2994.9149769500
686;7415;  -2995.9942179017;  -2980.6161080800;  -2998.0754187500
687;7418;  -2996.9154270525;  -2981.1870868400;  -2999.0440264300
688;7419;  -3000.2176977172;  -2982.2577798400;  -3002.6483082900
689;7421;  -3000.5359994523;  -2982.1603777500;  -3003.0228694200
690;7424;  -3000.3274055349;  -2981.1068483900;  -3002.9286250800
691;7427;  -3001.8117202179;  -2979.9254937200;  -3004.7736988800
692;7430;  -3002.8865197572;  -2980.1728112600;  -3005.9604859300
693;7432;  -3003.3544109508;  -2980.2006435500;  -3006.4879326200
694;7436;  -3003.1769532087;  -2982.7317329000;  -3005.9439128900
695;7440;  -3005.3862788107;  -2983.2184494200;  -3008.3863682800
696;7442;  -3006.1595165940;  -2983.3602030500;  -3009.2450681500
697;7445;  -3008.2986568346;  -2983.6355271200;  -3011.6364484800
698;7458;  -3013.1925124849;  -2983.3659939400;  -3017.2290928201
699;7462;  -3015.6131367504;  -2983.3607784200;  -3019.9780188000
700;7469;  -2992.8102006066;  -2982.6469666700;  -2994.1856447500
701;7470;  -2998.9678889315;  -2984.4507379600;  -3000.9325716700
702;7471;  -2999.1870978892;  -2984.1500161900;  -3001.2221456000
703;7473;  -3002.1108153329;  -2984.5444573200;  -3004.4881633700
704;7474;  -3006.6337394526;  -2983.9916115900;  -3009.6980182400
705;7485;  -3009.3431054098;  -2984.2757354000;  -3012.7356050300
706;7497;  -3009.4753478730;  -2983.9450236700;  -3012.9305015301
707;7503;  -2994.7445668591;  -2981.7504229900;  -2996.5031330000
708;7505;  -2999.3540383556;  -2980.8902684900;  -3001.8528378800
709;7512;  -3001.0747936917;  -2981.9420734100;  -3003.6641258101
710;7517;  -2997.7679930356;  -2980.5661884600;  -3000.0960041300
711;7518;  -3000.2514480368;  -2979.9926845600;  -3002.9931735300
712;7520;  -3000.6719836595;  -2979.3155765100;  -3003.5622590700
713;7522;  -3004.2645427781;  -2980.2116054800;  -3007.5197538600
714;7535;  -3007.7276646003;  -2981.1685349800;  -3011.3220519300
715;7544;  -3008.7252302864;  -2980.4810316400;  -3012.5476669100
716;7548;  -3008.5908976069;  -2983.4952365800;  -3011.9872260000
717;7564;  -3009.7656263865;  -2983.5083772900;  -3013.3191586300
718;7571;  -3009.7656263865;  -2983.5083772900;  -3013.3191586300
719;7572;  -3011.3843633163;  -2984.1034777600;  -3015.0764296900
720;7580;  -3011.7573901351;  -2984.9419058200;  -3015.3864713000
721;7582;  -3016.8034925453;  -2984.6801315800;  -3021.1509167000
722;7593;  -3016.7981232998;  -2985.4399911200;  -3021.0419850001
723;7594;  -3016.6563786516;  -2985.7649178400;  -3020.8370832501
724;7619;  -3017.0287771716;  -2985.9391791900;  -3021.2362967201
725;7623;  -2986.0618352031;  -2981.1400581100;  -2986.7279253000
726;7624;  -3002.8590439856;  -2981.7983373000;  -3005.7093006901
727;7633;  -3003.9769276295;  -2983.5329984900;  -3006.7437125700
728;7634;  -3004.5811398528;  -2984.5395896200;  -3007.2934687301
729;7639;  -3001.1902142024;  -2979.9624433000;  -3004.0630805900
730;7640;  -3003.7713064762;  -2980.8218978700;  -3006.8771711900
731;7659;  -3004.3986597920;  -2981.7423237300;  -3007.4648614500
732;7660;  -3005.4029244957;  -2982.1634391300;  -3008.5480468300
733;7671;  -3006.2092602949;  -2982.2947848700;  -3009.4457326000
734;7700;  -3008.3377817663;  -2983.4752730900;  -3011.7025564200
735;7704;  -2991.8281071802;  -2980.9020017000;  -2993.3067947600
736;7705;  -2997.1741133685;  -2982.9859772400;  -2999.0942687900
737;7706;  -3000.1834980202;  -2983.6305714200;  -3002.4236930300
738;7707;  -3002.2436267075;  -2984.7468554600;  -3004.6115572000
739;7708;  -3004.8678834376;  -2983.9959375200;  -3007.6925941500
740;7710;  -3007.6078857554;  -2984.0424958700;  -3010.7971144701
741;7714;  -3007.7531151602;  -2981.0171292200;  -3011.3714373900
742;7726;  -3008.9317614653;  -2979.3932690700;  -3012.9293617000
743;7746;  -3010.9867491343;  -2978.1857629500;  -3015.4258798900
744;7749;  -2992.5178870270;  -2981.1527887600;  -2994.0559858200
745;7750;  -2996.7550454990;  -2981.6732133100;  -2998.7961495300
746;7751;  -2996.8083150654;  -2980.7971036300;  -2998.9751969000
747;7752;  -2998.1863294115;  -2981.1678025100;  -3000.4895365700
748;7753;  -3001.3205407222;  -2981.6848867800;  -3003.9779375100
749;7754;  -3001.3568186593;  -2981.2843769000;  -3004.0733282500
750;7762;  -3001.3681354013;  -2981.5323101500;  -3004.0526224299
751;7763;  -3002.9988133440;  -2980.9947315200;  -3005.9767419900
752;7780;  -3003.7725137895;  -2981.9731950900;  -3006.7227307600
753;7790;  -3005.9215535126;  -2982.8468996400;  -3009.0443683300
754;7791;  -3010.7510311822;  -2985.0117439500;  -3014.2344649100
755;7801;  -3011.7573901351;  -2984.9419058200;  -3015.3864713000
756;7802;  -3013.9406705529;  -2985.4522459900;  -3017.7961595600
757;7803;  -3013.8292435336;  -2985.2798928100;  -3017.6929780000
758;7819;  -3015.0468730906;  -2985.4108730500;  -3019.0576695500
759;7841;  -3023.5433309668;  -2985.7721715100;  -3028.6551015301
760;7852;  -3023.5433309668;  -2985.7721715100;  -3028.6551015301
761;7853;  -3023.3797816979;  -2985.8685331100;  -3028.4563771501
762;7857;  -3023.5433309668;  -2985.7721715100;  -3028.6551015301
763;7899;  -3023.5433309668;  -2985.7721715100;  -3028.6551015301
764;7905;  -2988.4119762838;  -2981.2710508500;  -2989.3783954500
765;7906;  -2993.6696013749;  -2982.6930693900;  -2995.1551134400
766;7907;  -3000.1537872974;  -2983.6177826500;  -3002.3916921700
767;7910;  -3000.5533735013;  -2983.6336438200;  -3002.8432099100
768;7911;  -3001.8363846104;  -2982.7524094800;  -3004.4191197900
769;7915;  -3001.5582847734;  -2981.9179657600;  -3004.2163129099
770;7922;  -3004.9674130700;  -2982.3931538900;  -3008.0225068300
771;7933;  -3005.1384922032;  -2982.7630336800;  -3008.1666812200
772;7940;  -3005.7063725490;  -2983.3457831400;  -3008.7325492500
773;7941;  -3009.1215173849;  -2983.0431200100;  -3012.6508446800
774;7946;  -3014.4606724714;  -2981.1337387200;  -3018.9709824900
775;7948;  -3016.2868509575;  -2983.4187509600;  -3020.7350645801
776;7956;  -3016.3963030005;  -2983.0538891700;  -3020.9087080200
777;7972;  -3023.5433309668;  -2985.7721715100;  -3028.6551015301
778;8054;  -2999.7105776444;  -2981.1878671900;  -3002.2173539100
779;8061;  -3004.7104811367;  -2982.6961844800;  -3007.6897922100
780;8064;  -3008.3529351229;  -2983.7001936700;  -3011.6893208700
781;8070;  -3008.3741691100;  -2985.0351015400;  -3011.5327684300
782;8078;  -3009.9564771124;  -2984.9160673500;  -3013.3453280600
783;8084;  -3013.2719805586;  -2985.3510979100;  -3017.0506611200
784;8095;  -3015.2075944689;  -2985.2761291900;  -3019.2583778001
785;8120;  -3016.6456321747;  -2985.5625083600;  -3020.8522755401
786;8123;  -3023.5433309668;  -2985.7721715100;  -3028.6551015301
787;8218;  -3023.5433309668;  -2985.7721715100;  -3028.6551015301
788;8227;  -3023.3797816979;  -2985.8685331100;  -3028.4563771501
789;8229;  -3023.1652744581;  -2986.0691306300;  -3028.1856915901
790;8241;  -3023.1652744581;  -2986.0691306300;  -3028.1856915901
791;8280;  -3023.5433309668;  -2985.7721715100;  -3028.6551015301
792;8290;  -3023.5433309668;  -2985.7721715100;  -3028.6551015301
793;8317;  -3023.5433309668;  -2985.7721715100;  -3028.6551015301
794;8365;  -2995.8241885316;  -2981.2841632600;  -2997.7919669700
795;8366;  -2995.7501190983;  -2981.5552048400;  -2997.6711918400
796;8367;  -3001.6677615276;  -2983.1077079900;  -3004.1795916300
797;8372;  -3002.1902344138;  -2982.3364223700;  -3004.8771556901
798;8374;  -3006.8348693146;  -2983.5839407300;  -3009.9815403201
799;8376;  -3007.5963662837;  -2984.4257029400;  -3010.7321745701
800;8378;  -3008.1807605063;  -2984.0949642100;  -3011.4404185701
801;8384;  -3009.4753478730;  -2983.9450236700;  -3012.9305015301
802;8393;  -3013.9652741072;  -2984.2187772100;  -3017.9910246901
803;8405;  -3015.1792026152;  -2984.5324053000;  -3019.3267956101
804;8429;  -2997.2102549828;  -2982.4023106000;  -2999.2142923300
805;8433;  -2998.8873343186;  -2981.4385742100;  -3001.2487672100
806;8436;  -2999.7796890550;  -2982.3473559000;  -3002.1388988000
807;8439;  -2987.5544419188;  -2978.7456350600;  -2988.7465842901
808;8440;  -2992.1944220521;  -2981.9707937800;  -2993.5780396801
809;8441;  -2992.4672075458;  -2981.8390940200;  -2993.9055663000
810;8442;  -2993.8158873838;  -2981.9783948400;  -2995.4179177900
811;8443;  -2995.0220789557;  -2982.5960656200;  -2996.7037569900
812;8444;  -2997.7992209836;  -2982.9377395700;  -2999.8105037800
813;8446;  -3004.1644345493;  -2984.5482036800;  -3006.8192027101
814;8448;  -3004.7965344315;  -2983.9278638900;  -3007.6208018700
815;8456;  -3005.5091432134;  -2982.1147189300;  -3008.6752342500
816;8460;  -3006.2017907597;  -2983.7148312800;  -3009.2450697900
817;8463;  -3007.8641534461;  -2983.7119727600;  -3011.1327956600
818;8464;  -3007.9007295897;  -2984.5541648600;  -3011.0603435400
819;8468;  -3008.4191984660;  -2985.2806062300;  -3011.5506664000
820;8470;  -3015.0468730906;  -2985.4108730500;  -3019.0576695500
821;8483;  -3023.5433309668;  -2985.7721715100;  -3028.6551015301
822;8525;  -3023.5433309668;  -2985.7721715100;  -3028.6551015301
823;8531;  -3023.3797816979;  -2985.8685331100;  -3028.4563771501
824;8725;  -3023.5433309668;  -2985.7721715100;  -3028.6551015301
825;8748;  -2998.6078475497;  -2983.8073987500;  -3000.6108704800
826;8750;  -3001.9093376271;  -2983.6498261100;  -3004.3804937900
827;8759;  -3002.5329340152;  -2982.2790535100;  -3005.2739986700
828;8760;  -3004.5630402865;  -2984.5489274200;  -3007.2716559200
829;8763;  -3007.6050547275;  -2984.0793887200;  -3010.7889074000
830;8766;  -2993.3304852659;  -2979.6366900500;  -2995.1837389200
831;8768;  -2995.6891619722;  -2980.6470375600;  -2997.7248921400
832;8769;  -2995.5674760673;  -2979.9707412600;  -2997.6782645900
833;8770;  -2998.4017684421;  -2980.6519754800;  -3000.8039417000
834;8772;  -2999.7096708022;  -2980.6282238500;  -3002.2920638300
835;8775;  -3000.4313020786;  -2982.6742069300;  -3002.8344635800
836;8776;  -3000.7079450914;  -2983.9159902200;  -3002.9804890600
837;8777;  -3002.2874544909;  -2984.0115511200;  -3004.7608290500
838;8779;  -3002.5102620016;  -2984.0707984800;  -3005.0057720201
839;8781;  -3005.6593718522;  -2983.0366078200;  -3008.7210300301
840;8786;  -2995.3948688594;  -2978.9802689300;  -2997.6163433900
841;8788;  -2996.4816301099;  -2979.1052884500;  -2998.8332622300
842;8789;  -3000.4839886274;  -2977.8224573600;  -3003.5508933800
843;8793;  -3001.6068077255;  -2980.3644430900;  -3004.4816491600
844;8797;  -3001.8110748494;  -2979.6943506000;  -3004.8042479900
845;8811;  -3001.8481187857;  -2980.1540103900;  -3004.7840970900
846;8812;  -3005.9548391029;  -2979.9721702600;  -3009.4712109500
847;8820;  -3008.4061954162;  -2983.5474656500;  -3011.7704586500
848;8843;  -3008.2345624221;  -2979.9609097100;  -3012.0609852200
849;8847;  -3008.1968173320;  -2979.9607376000;  -3012.0181551801
850;8861;  -3010.1090297616;  -2980.0925309500;  -3014.1713211301
851;8890;  -3010.1090297616;  -2980.0925309500;  -3014.1713211301
852;8923;  -3011.9505333526;  -2981.5856870300;  -3016.0599684301
853;8925;  -3000.0371137754;  -2979.5766494500;  -3002.8061365100
854;8928;  -3001.4121911633;  -2981.9031723500;  -3004.0524497500
855;8929;  -3003.2649282038;  -2982.8312648600;  -3006.0303238200
856;8930;  -3005.2862626898;  -2982.4376468200;  -3008.3784865901
857;8935;  -3007.3653689655;  -2982.3296147000;  -3010.7535898600
858;8941;  -3009.0636959715;  -2980.1328536600;  -3012.9790597100
859;8953;  -3012.6384191169;  -2981.1269977700;  -3016.9030262500
860;8954;  -3014.4606724714;  -2981.1337387200;  -3018.9709824900
861;8968;  -3015.1364337201;  -2980.5819486800;  -3019.8128747400
862;8973;  -3018.3898205322;  -2982.4377962600;  -3023.2553979200
863;9189;  -3023.5433309668;  -2985.7721715100;  -3028.6551015301
864;9218;  -3023.5433309668;  -2985.7721715100;  -3028.6551015301
865;9267;  -3023.5433309668;  -2985.7721715100;  -3028.6551015301
866;9274;  -3023.1652744581;  -2986.0691306300;  -3028.1856915901
867;9307;  -3023.5433309668;  -2985.7721715100;  -3028.6551015301
868;9390;  -2993.5756387469;  -2982.1226148500;  -2995.1256369799
869;9391;  -2998.6078205127;  -2983.1723782000;  -3000.6967804700
870;9393;  -2998.9353400449;  -2983.9930541400;  -3000.9575585400
871;9395;  -2999.2848452614;  -2983.3157135100;  -3001.4460322300
872;9398;  -3002.0010384917;  -2984.3344235400;  -3004.3919548300
873;9403;  -3007.9152709744;  -2985.1930741300;  -3010.9903859200
874;9404;  -3007.7826538201;  -2984.9886438900;  -3010.8674876100
875;9406;  -3007.8245054627;  -2984.6947753400;  -3010.9547740401
876;9416;  -3008.8029707480;  -2985.3195354900;  -3011.9811081100
877;9426;  -3010.9687129014;  -2985.3215680800;  -3014.4396765100
878;9435;  -3011.6849515044;  -2985.3395134900;  -3015.2504188200
879;9441;  -2984.4245159170;  -2978.0612284400;  -2985.2856932300
880;9444;  -2984.8573543379;  -2978.9120908200;  -2985.6619582600
881;9445;  -2987.7069240339;  -2979.1013942100;  -2988.8715558500
882;9446;  -2992.1736495403;  -2979.1867153300;  -2993.9312399600
883;9447;  -2993.9607065181;  -2979.2642787700;  -2995.9496517300
884;9448;  -2997.1922864885;  -2977.7279661100;  -2999.8264958000
885;9449;  -2997.5563388580;  -2979.0020049700;  -3000.0673948900
886;9453;  -2999.3379554191;  -2978.0972305900;  -3002.2125749300
887;9454;  -3002.2549198283;  -2978.8547289400;  -3005.4217912900
888;9455;  -3002.8285254571;  -2979.7822345100;  -3005.9475017699
889;9461;  -3002.9954223021;  -2980.3083436300;  -3006.0657845200
890;9465;  -3002.7517167956;  -2980.3751470500;  -3005.7800562000
891;9470;  -3002.6999352635;  -2980.0481819800;  -3005.7655167100
892;9475;  -3004.7461964335;  -2981.0624392500;  -3007.9514444200
893;9478;  -3004.8757056542;  -2981.6307750600;  -3008.0215649200
894;9484;  -3007.6659255612;  -2980.2536731900;  -3011.3757705000
895;9510;  -3002.2297940610;  -2983.3598193000;  -3004.7835674400
896;9517;  -3005.1162770353;  -2983.0854970100;  -3008.0978188900
897;9534;  -3005.3366602889;  -2984.3733302300;  -3008.1737385000
898;9535;  -3008.4005206139;  -2984.1669553700;  -3011.6801770300
899;9541;  -3008.7012479034;  -2983.0296536700;  -3012.1755203801
900;9547;  -3013.0637132871;  -2984.3707934500;  -3016.9468777201
901;9551;  -3016.4892484254;  -2985.6768140400;  -3020.6592579601
902;9584;  -3016.5781263789;  -2985.8564125600;  -3020.7358582201
903;9613;  -3017.0287771716;  -2985.9391791900;  -3021.2362967201
904;9622;  -3017.8620278875;  -2985.8424479300;  -3022.1954068101
905;9640;  -3019.4160662642;  -2985.9090865800;  -3023.9507428501
906;9661;  -3019.4160662642;  -2985.9090865800;  -3023.9507428501
907;9682;  -2990.5581772361;  -2979.1634686500;  -2992.1002833500
908;9683;  -2996.3753799782;  -2977.0333631800;  -2998.9930373000
909;9685;  -2998.5184083953;  -2975.8045962900;  -3001.5923885900
910;9699;  -2999.9262907091;  -2976.0821150900;  -3003.1532489700
911;9700;  -2995.4038551327;  -2981.0316079200;  -2997.3489272800
912;9702;  -3000.5137092656;  -2980.2372167000;  -3003.2578341300
913;9710;  -3001.9428774681;  -2980.7118696100;  -3004.8161819300
914;9711;  -3003.7783658436;  -2981.3449050800;  -3006.8144046100
915;9734;  -3005.9266288329;  -2983.3650416100;  -3008.9800076300
916;9737;  -3007.7640830437;  -2983.5345523700;  -3011.0431934401
917;9755;  -3009.2732815527;  -2983.9061298000;  -3012.7063522201
918;9768;  -3009.9561792038;  -2983.4781750900;  -3013.5395873901
919;9771;  -3011.1528073401;  -2983.9911140100;  -3014.8287428001
920;9778;  -3015.1792026152;  -2984.5324053000;  -3019.3267956101
921;9780;  -3019.2499597855;  -2985.5230232800;  -3023.8144042901
922;9781;  -3019.4160662642;  -2985.9090865800;  -3023.9507428501
923;9808;  -3019.4160662642;  -2985.9090865800;  -3023.9507428501
924;9896;  -3023.1652744581;  -2986.0691306300;  -3028.1856915901
925;9914;  -2987.9290938576;  -2982.2719629601;  -2988.6947032699
926;9915;  -2993.5284273448;  -2982.8500759901;  -2994.9735850500
927;9916;  -2995.7156193068;  -2982.7054284600;  -2997.4763571700
928;9918;  -3002.7900684651;  -2983.7114108300;  -3005.3720840000
929;9920;  -3002.7933401910;  -2983.1629324700;  -3005.4500269800
930;9925;  -3005.9627297808;  -2982.6719259800;  -3009.1147973100
931;9927;  -3009.2780790022;  -2982.6931439300;  -3012.8759587200
932;9941;  -3011.4613541278;  -2981.1876769000;  -3015.5584508100
933;9946;  -3018.3898205322;  -2982.4377962600;  -3023.2553979200
934;9959;  -3023.5433309668;  -2985.7721715100;  -3028.6551015301
935;9979;  -3023.3797816979;  -2985.8685331100;  -3028.4563771501
936;9988;  -3023.1652744581;  -2986.0691306300;  -3028.1856915901
937;9992;  -3023.1652744581;  -2986.0691306300;  -3028.1856915901
938;10013;  -3023.1652744581;  -2986.0691306300;  -3028.1856915901
939;10034;  -3023.5433309668;  -2985.7721715100;  -3028.6551015301
940;10050;  -3023.3797816979;  -2985.8685331100;  -3028.4563771501
941;10055;  -3023.5433309668;  -2985.7721715100;  -3028.6551015301
942;10079;  -3023.5433309668;  -2985.7721715100;  -3028.6551015301
943;10080;  -3003.8566872125;  -2982.8577039500;  -3006.6985905600
944;10084;  -3005.9839172947;  -2982.2386061800;  -3009.1974957000
945;10087;  -3010.4417475257;  -2981.4766826100;  -3014.3617427900
946;10090;  -3010.6213630198;  -2982.1342784400;  -3014.4766706800
947;10096;  -3011.7573901351;  -2984.9419058200;  -3015.3864713000
948;10105;  -3013.2719805586;  -2985.3510979100;  -3017.0506611200
949;10106;  -3023.5433309668;  -2985.7721715100;  -3028.6551015301
950;10120;  -3023.3797816979;  -2985.8685331100;  -3028.4563771501
951;10141;  -3023.5433309668;  -2985.7721715100;  -3028.6551015301
952;10150;  -2985.0920206818;  -2980.4577165800;  -2985.7192055400
953;10152;  -2991.4246126691;  -2979.7012658600;  -2993.0111951300
954;10153;  -2997.6129095297;  -2979.6440867500;  -3000.0447252500
955;10154;  -2999.6887687693;  -2980.8124202700;  -3002.2434047400
956;10155;  -3000.8148332344;  -2980.9298783200;  -3003.5059692399
957;10156;  -2993.9412982622;  -2979.3405728600;  -2995.9172915700
958;10157;  -2996.6296709892;  -2979.8990168200;  -2998.8939188099
959;10158;  -3002.2683808309;  -2979.5483955800;  -3005.3431964700
960;10165;  -3005.3161160610;  -2980.5585210800;  -3008.6666921900
961;10195;  -3005.3760210540;  -2980.7753338100;  -3008.7053620300
962;10199;  -3005.3996673841;  -2979.2602293800;  -3008.9372556300
963;10241;  -3005.4980036122;  -2981.1499057700;  -3008.7931603300
964;10244;  -3006.5808417392;  -2981.3031514800;  -3010.0018051100
965;10247;  -3007.7785924781;  -2983.4311383400;  -3011.0736620800
966;10272;  -3010.0305379002;  -2985.2497354400;  -3013.3842548200
967;10276;  -3010.8369437092;  -2985.5687028700;  -3014.2566282400
968;10282;  -3011.0528503132;  -2985.4460721400;  -3014.5183508900
969;10294;  -3013.8292435336;  -2985.2798928100;  -3017.6929780000
970;10301;  -3013.9406705529;  -2985.4522459900;  -3017.7961595600
971;10327;  -3014.5311166204;  -2985.2208092500;  -3018.4978353701
972;10335;  -3015.2451799649;  -2985.3613836000;  -3019.2895120101
973;10336;  -3000.4885186191;  -2982.5490085900;  -3002.9163672900
974;10345;  -3001.0171659140;  -2983.1547874700;  -3003.4345759600
975;10346;  -3006.6291984297;  -2983.5791099700;  -3009.7486886800
976;10347;  -3011.2068760461;  -2983.5585259300;  -3014.9486733401
977;10351;  -3012.2238218029;  -2983.6599990900;  -3016.0895148401
978;10355;  -3016.2868509575;  -2983.4187509600;  -3020.7350645801
979;10399;  -3016.6456321747;  -2985.5625083600;  -3020.8522755401
980;10444;  -3016.8034925453;  -2984.6801315800;  -3021.1509167000
981;10484;  -3018.3898205322;  -2982.4377962600;  -3023.2553979200
982;10485;  -3023.5433309668;  -2985.7721715100;  -3028.6551015301
983;10491;  -3023.5433309668;  -2985.7721715100;  -3028.6551015301
984;10521;  -3023.5433309668;  -2985.7721715100;  -3028.6551015301
985;10527;  -3023.5433309668;  -2985.7721715100;  -3028.6551015301
986;10534;  -3023.1652744581;  -2986.0691306300;  -3028.1856915901
987;10557;  -3023.3797816979;  -2985.8685331100;  -3028.4563771501
988;10576;  -3023.1652744581;  -2986.0691306300;  -3028.1856915901
989;10589;  -3023.1652744581;  -2986.0691306300;  -3028.1856915901
990;10608;  -3023.3797816979;  -2985.8685331100;  -3028.4563771501
991;10613;  -3023.5433309668;  -2985.7721715100;  -3028.6551015301
992;10660;  -3023.3797816979;  -2985.8685331100;  -3028.4563771501
993;10686;  -2990.3226114128;  -2980.5118720000;  -2991.6503506100
994;10687;  -2992.0872414914;  -2979.6626403200;  -2993.7687284101
995;10688;  -2996.2720907007;  -2981.0676413500;  -2998.3297891601
996;10689;  -3001.0530001861;  -2982.4668342300;  -3003.5683642200
997;10692;  -3004.3675645295;  -2984.2518247500;  -3007.0899338700
998;10693;  -3004.5645867263;  -2984.3562234800;  -3007.2994912900
999;10701;  -3005.2376241774;  -2982.2896198700;  -3008.3432988400
1000;10705;  -3007.3668190171;  -2982.4002265500;  -3010.7456798800
